sampleid,popcode,suppopcode
HG00271,FIN,EUR
HG00276,FIN,EUR
HG00288,FIN,EUR
HG00290,FIN,EUR
HG00303,FIN,EUR
HG00308,FIN,EUR
HG00310,FIN,EUR
HG00315,FIN,EUR
HG00327,FIN,EUR
HG00334,FIN,EUR
HG00339,FIN,EUR
HG00341,FIN,EUR
HG00346,FIN,EUR
HG00353,FIN,EUR
HG00358,FIN,EUR
HG00360,FIN,EUR
HG00365,FIN,EUR
HG00372,FIN,EUR
HG00132,GBR,EUR
HG00137,GBR,EUR
HG00144,GBR,EUR
HG00149,GBR,EUR
HG00151,GBR,EUR
HG00156,GBR,EUR
HG00182,FIN,EUR
HG00187,FIN,EUR
HG00136,GBR,EUR
HG00233,GBR,EUR
HG00143,GBR,EUR
HG00238,GBR,EUR
HG00148,GBR,EUR
HG00240,GBR,EUR
HG00150,GBR,EUR
HG00245,GBR,EUR
HG00155,GBR,EUR
HG00252,GBR,EUR
HG00174,FIN,EUR
HG00257,GBR,EUR
HG00179,FIN,EUR
HG00264,GBR,EUR
HG00181,FIN,EUR
HG00269,FIN,EUR
HG00186,FIN,EUR
HG00377,FIN,EUR
HG00232,GBR,EUR
HG00384,FIN,EUR
HG00237,GBR,EUR
HG00404,CHS,EAS
HG00244,GBR,EUR
HG00409,CHS,EAS
HG00249,GBR,EUR
HG00411,CHS,EAS
HG00251,GBR,EUR
HG00423,CHS,EAS
HG00256,GBR,EUR
HG00428,CHS,EAS
HG00263,GBR,EUR
HG00442,CHS,EAS
HG00268,FIN,EUR
HG00447,CHS,EAS
HG00383,FIN,EUR
HG00459,CHS,EAS
HG00403,CHS,EAS
HG00473,CHS,EAS
HG00408,CHS,EAS
HG00098,GBR,EUR
HG00410,CHS,EAS
HG00101,GBR,EUR
HG00422,CHS,EAS
HG00106,GBR,EUR
HG00427,CHS,EAS
HG00113,GBR,EUR
HG00446,CHS,EAS
HG00118,GBR,EUR
HG00453,CHS,EAS
HG00120,GBR,EUR
HG00458,CHS,EAS
HG00125,GBR,EUR
HG00465,CHS,EAS
HG00472,CHS,EAS
HG00270,FIN,EUR
HG00275,FIN,EUR
HG00282,FIN,EUR
HG00302,FIN,EUR
HG00319,FIN,EUR
HG00478,CHS,EAS
HG00321,FIN,EUR
HG00480,CHS,EAS
HG00326,FIN,EUR
HG00500,CHS,EAS
HG00338,FIN,EUR
HG00512,CHS,EAS
HG00345,FIN,EUR
HG00524,CHS,EAS
HG00357,FIN,EUR
HG00531,CHS,EAS
HG00364,FIN,EUR
HG00536,CHS,EAS
HG00369,FIN,EUR
HG00543,CHS,EAS
HG00371,FIN,EUR
HG00555,PUR,AMR
HG00376,FIN,EUR
HG00567,CHS,EAS
HG00097,GBR,EUR
HG00579,CHS,EAS
HG00100,GBR,EUR
HG00581,CHS,EAS
HG00105,GBR,EUR
HG00733,PUR,AMR
HG00112,GBR,EUR
HG00738,PUR,AMR
HG00117,GBR,EUR
HG00740,PUR,AMR
HG00124,GBR,EUR
HG00978,CDX,EAS
HG00129,GBR,EUR
HG01142,CLM,AMR
HG00131,GBR,EUR
HG01161,PUR,AMR
HG01173,PUR,AMR
HG01178,PUR,AMR
HG01192,PUR,AMR
HG01197,PUR,AMR
HG01200,PUR,AMR
HG00477,CHS,EAS
HG01205,PUR,AMR
HG00530,CHS,EAS
HG01243,PUR,AMR
HG00535,CHS,EAS
HG01248,PUR,AMR
HG00542,CHS,EAS
HG01250,CLM,AMR
HG00554,PUR,AMR
HG00651,CHS,EAS
HG00559,CHS,EAS
HG00656,CHS,EAS
HG00561,CHS,EAS
HG00663,CHS,EAS
HG00566,CHS,EAS
HG00675,CHS,EAS
HG00578,CHS,EAS
HG00694,CHS,EAS
HG00580,CHS,EAS
HG00699,CHS,EAS
HG00585,CHS,EAS
HG00702,CHS,EAS
HG00718,CHS,EAS
HG00707,CHS,EAS
HG00732,PUR,AMR
HG00593,CHS,EAS
HG00737,PUR,AMR
HG00598,CHS,EAS
HG00864,CDX,EAS
HG00613,CHS,EAS
HG00650,CHS,EAS
HG00620,CHS,EAS
HG00655,CHS,EAS
HG00625,CHS,EAS
HG00662,CHS,EAS
HG00632,CHS,EAS
HG00674,CHS,EAS
HG00637,PUR,AMR
HG00693,CHS,EAS
HG01089,PUR,AMR
HG00698,CHS,EAS
HG01096,PUR,AMR
HG00701,CHS,EAS
HG01104,PUR,AMR
HG00706,CHS,EAS
HG01109,PUR,AMR
HG01141,CLM,AMR
HG01111,PUR,AMR
HG01172,PUR,AMR
HG01123,CLM,AMR
HG01177,PUR,AMR
HG01130,CLM,AMR
HG01184,PUR,AMR
HG01135,CLM,AMR
HG01189,PUR,AMR
HG01046,CDX,EAS
HG01191,PUR,AMR
HG01053,PUR,AMR
HG01204,PUR,AMR
HG01058,PUR,AMR
HG01242,PUR,AMR
HG01060,PUR,AMR
HG01247,PUR,AMR
HG01072,PUR,AMR
HG01088,PUR,AMR
HG01077,PUR,AMR
HG01090,PUR,AMR
HG01084,PUR,AMR
HG01095,PUR,AMR
HG01325,PUR,AMR
HG01103,PUR,AMR
HG01344,CLM,AMR
HG01108,PUR,AMR
HG01349,CLM,AMR
HG01110,PUR,AMR
HG01351,CLM,AMR
HG01122,CLM,AMR
HG01356,CLM,AMR
HG01134,CLM,AMR
HG01363,CLM,AMR
HG01139,CLM,AMR
HG01255,CLM,AMR
HG00592,CHS,EAS
HG01274,CLM,AMR
HG00597,CHS,EAS
HG01279,CLM,AMR
HG00600,CHS,EAS
HG01281,CLM,AMR
HG00612,CHS,EAS
HG01286,PUR,AMR
HG00624,CHS,EAS
HG01301,PUR,AMR
HG00629,CHS,EAS
HG01414,PUR,AMR
HG00631,CHS,EAS
HG01433,CLM,AMR
HG00636,CHS,EAS
HG01438,CLM,AMR
HG01312,PUR,AMR
HG01440,CLM,AMR
HG01324,PUR,AMR
HG01445,CLM,AMR
HG01343,CLM,AMR
HG01452,CLM,AMR
HG01348,CLM,AMR
HG01457,CLM,AMR
HG01350,CLM,AMR
HG01464,CLM,AMR
HG01355,CLM,AMR
HG01503,IBS,EUR
HG01362,CLM,AMR
HG01508,IBS,EUR
HG01367,CLM,AMR
HG01510,IBS,EUR
HG01254,CLM,AMR
HG01515,IBS,EUR
HG01259,CLM,AMR
HG01522,IBS,EUR
HG01261,CLM,AMR
HG01527,IBS,EUR
HG01273,CLM,AMR
HG01596,KHV,EAS
HG01278,CLM,AMR
HG01604,IBS,EUR
HG01280,CLM,AMR
HG01609,IBS,EUR
HG01305,PUR,AMR
HG01611,IBS,EUR
HG01052,PUR,AMR
HG01565,PEL,AMR
HG01064,PUR,AMR
HG01572,PEL,AMR
HG01069,PUR,AMR
HG01577,PEL,AMR
HG01071,PUR,AMR
HG01589,PJL,SAS
HG01083,PUR,AMR
HG01471,CLM,AMR
HG01538,IBS,EUR
HG01483,CLM,AMR
HG01552,CLM,AMR
HG01488,CLM,AMR
HG01571,PEL,AMR
HG01490,CLM,AMR
HG01583,PJL,SAS
HG01495,CLM,AMR
HG01590,PJL,SAS
HG01616,IBS,EUR
HG01413,PUR,AMR
HG01623,IBS,EUR
HG01432,CLM,AMR
HG01628,IBS,EUR
HG01437,CLM,AMR
HG01630,IBS,EUR
HG01444,CLM,AMR
HG01673,IBS,EUR
HG01456,CLM,AMR
HG01678,IBS,EUR
HG01463,CLM,AMR
HG01680,IBS,EUR
HG01502,IBS,EUR
HG01685,IBS,EUR
HG01507,IBS,EUR
HG01697,IBS,EUR
HG01514,IBS,EUR
HG01700,IBS,EUR
HG01519,IBS,EUR
HG01375,CLM,AMR
HG01521,IBS,EUR
HG01394,PUR,AMR
HG01526,IBS,EUR
HG01402,PUR,AMR
HG01704,IBS,EUR
HG01705,IBS,EUR
HG01709,IBS,EUR
HG01748,IBS,EUR
HG01711,IBS,EUR
HG01755,IBS,EUR
HG01747,IBS,EUR
HG01762,IBS,EUR
HG01761,IBS,EUR
HG02006,PEL,AMR
HG01766,IBS,EUR
HG02013,ACB,AFR
HG01374,CLM,AMR
HG02018,KHV,EAS
HG01379,CLM,AMR
HG02020,KHV,EAS
HG01393,PUR,AMR
HG02025,KHV,EAS
HG01398,PUR,AMR
HG02032,KHV,EAS
HG01468,CLM,AMR
HG02049,KHV,EAS
HG01482,CLM,AMR
HG02051,ACB,AFR
HG01487,CLM,AMR
HG02056,KHV,EAS
HG01494,CLM,AMR
HG02068,KHV,EAS
HG01499,CLM,AMR
HG02070,KHV,EAS
HG01595,KHV,EAS
HG02075,KHV,EAS
HG01603,IBS,EUR
HG01863,KHV,EAS
HG01608,IBS,EUR
HG01868,KHV,EAS
HG01610,IBS,EUR
HG01870,KHV,EAS
HG01615,IBS,EUR
HG01882,ACB,AFR
HG01622,IBS,EUR
HG01887,ACB,AFR
HG01627,IBS,EUR
HG01894,ACB,AFR
HG01672,IBS,EUR
HG01914,ACB,AFR
HG01677,IBS,EUR
HG01919,PEL,AMR
HG01684,IBS,EUR
HG01921,PEL,AMR
HG01696,IBS,EUR
HG01926,PEL,AMR
HG02012,ACB,AFR
HG01933,PEL,AMR
HG02017,KHV,EAS
HG01938,PEL,AMR
HG02024,KHV,EAS
HG01940,PEL,AMR
HG02029,KHV,EAS
HG01945,PEL,AMR
HG02031,KHV,EAS
HG01767,IBS,EUR
HG02048,KHV,EAS
HG01774,IBS,EUR
HG02050,KHV,EAS
HG01779,IBS,EUR
HG02055,ACB,AFR
HG01781,IBS,EUR
HG02067,KHV,EAS
HG01786,IBS,EUR
HG02074,KHV,EAS
HG01983,PEL,AMR
HG02079,KHV,EAS
HG01988,ACB,AFR
HG01949,PEL,AMR
HG01990,ACB,AFR
HG01951,PEL,AMR
HG01995,PEL,AMR
HG01956,ACB,AFR
HG01952,PEL,AMR
HG01968,PEL,AMR
HG01969,PEL,AMR
HG01970,PEL,AMR
HG01971,PEL,AMR
HG01975,PEL,AMR
HG01976,PEL,AMR
HG01862,KHV,EAS
HG01798,CDX,EAS
HG01867,KHV,EAS
HG01801,CDX,EAS
HG01874,KHV,EAS
HG01806,CDX,EAS
HG01879,ACB,AFR
HG01813,CDX,EAS
HG01881,ACB,AFR
HG01844,KHV,EAS
HG01886,ACB,AFR
HG01849,KHV,EAS
HG01925,PEL,AMR
HG01851,KHV,EAS
HG01932,PEL,AMR
HG02234,IBS,EUR
HG01937,PEL,AMR
HG02239,IBS,EUR
HG01944,PEL,AMR
HG02253,PEL,AMR
HG01893,PEL,AMR
HG02258,ACB,AFR
HG01898,PEL,AMR
HG02260,PEL,AMR
HG01918,PEL,AMR
HG02265,PEL,AMR
HG01920,PEL,AMR
HG02188,CDX,EAS
HG01773,IBS,EUR
HG02190,CDX,EAS
HG01778,IBS,EUR
HG02215,GBR,EUR
HG01780,IBS,EUR
HG02222,IBS,EUR
HG01785,IBS,EUR
HG02145,ACB,AFR
HG01817,CDX,EAS
HG02152,CDX,EAS
HG01843,KHV,EAS
HG02164,CDX,EAS
HG01848,KHV,EAS
HG02169,CDX,EAS
HG01850,KHV,EAS
HG02176,CDX,EAS
HG01855,KHV,EAS
HG02082,KHV,EAS
HG01982,PEL,AMR
HG02087,KHV,EAS
HG01987,ACB,AFR
HG02102,PEL,AMR
HG01797,CDX,EAS
HG02107,ACB,AFR
HG01800,CDX,EAS
HG02304,PEL,AMR
HG01805,CDX,EAS
HG02309,ACB,AFR
HG01812,CDX,EAS
HG02316,ACB,AFR
HG02081,KHV,EAS
HG02323,ACB,AFR
HG02086,KHV,EAS
HG02330,ACB,AFR
HG02106,PEL,AMR
HG02121,KHV,EAS
HG02113,KHV,EAS
HG02126,KHV,EAS
HG02334,ACB,AFR
HG02133,KHV,EAS
HG02339,ACB,AFR
HG02138,KHV,EAS
HG02353,CDX,EAS
HG02140,KHV,EAS
HG02358,CDX,EAS
HG02272,PEL,AMR
HG02360,CDX,EAS
HG02277,PEL,AMR
HG02372,CDX,EAS
HG02284,ACB,AFR
HG02233,IBS,EUR
HG02291,PEL,AMR
HG02238,IBS,EUR
HG02347,PEL,AMR
HG02240,IBS,EUR
HG02373,CDX,EAS
HG02252,PEL,AMR
HG02380,CDX,EAS
HG02257,ACB,AFR
HG02385,CDX,EAS
HG02144,ACB,AFR
HG02392,CDX,EAS
HG02151,CDX,EAS
HG02397,CDX,EAS
HG02156,CDX,EAS
HG02549,ACB,AFR
HG02168,CDX,EAS
HG02563,GWD,AFR
HG02170,CDX,EAS
HG02568,GWD,AFR
HG02303,PEL,AMR
HG02570,GWD,AFR
HG02308,ACB,AFR
HG02575,GWD,AFR
HG02315,ACB,AFR
HG02582,GWD,AFR
HG02322,ACB,AFR
HG02587,GWD,AFR
HG02271,PEL,AMR
HG02594,GWD,AFR
HG02276,PEL,AMR
HG02599,PJL,SAS
HG02283,ACB,AFR
HG02784,PJL,SAS
HG02288,PEL,AMR
HG02789,PJL,SAS
HG02182,CDX,EAS
HG02791,PJL,SAS
HG02187,CDX,EAS
HG02804,GWD,AFR
HG02219,IBS,EUR
HG02809,GWD,AFR
HG02221,IBS,EUR
HG02811,GWD,AFR
HG02377,CDX,EAS
HG02816,GWD,AFR
HG02384,CDX,EAS
HG02455,ACB,AFR
HG02389,CDX,EAS
HG02462,GWD,AFR
HG02391,CDX,EAS
HG02479,ACB,AFR
HG02396,CDX,EAS
HG02481,ACB,AFR
HG02120,KHV,EAS
HG02486,ACB,AFR
HG02132,KHV,EAS
HG02493,PJL,SAS
HG02137,KHV,EAS
HG02688,PJL,SAS
HG02733,PJL,SAS
HG02690,PJL,SAS
HG02738,PJL,SAS
HG02703,GWD,AFR
HG02757,GWD,AFR
HG02715,GWD,AFR
HG02764,GWD,AFR
HG02722,GWD,AFR
HG02769,GWD,AFR
HG02727,PJL,SAS
HG02771,GWD,AFR
HG02602,PJL,SAS
HG02776,PJL,SAS
HG02614,GWD,AFR
HG02783,PJL,SAS
HG02621,GWD,AFR
HG02461,GWD,AFR
HG02645,GWD,AFR
HG02466,GWD,AFR
HG02652,PJL,SAS
HG02478,ACB,AFR
HG02734,PJL,SAS
HG02480,ACB,AFR
HG02758,GWD,AFR
HG02485,ACB,AFR
HG02760,GWD,AFR
HG02492,PJL,SAS
HG02772,GWD,AFR
HG02788,PJL,SAS
HG02657,PJL,SAS
HG02790,PJL,SAS
HG02676,GWD,AFR
HG02808,GWD,AFR
HG02683,PJL,SAS
HG02810,GWD,AFR
HG02501,ACB,AFR
HG02815,GWD,AFR
HG02513,KHV,EAS
HG02555,ACB,AFR
HG02525,KHV,EAS
HG02562,GWD,AFR
HG02537,ACB,AFR
HG02567,GWD,AFR
HG02405,CDX,EAS
HG02574,GWD,AFR
HG02429,ACB,AFR
HG02586,GWD,AFR
HG02436,ACB,AFR
HG02601,PJL,SAS
HG02450,ACB,AFR
HG02613,GWD,AFR
HG02854,GWD,AFR
HG02620,GWD,AFR
HG02861,GWD,AFR
HG02625,GWD,AFR
HG02878,GWD,AFR
HG02644,GWD,AFR
HG02880,GWD,AFR
HG02649,PJL,SAS
HG02885,GWD,AFR
HG02651,PJL,SAS
HG02892,GWD,AFR
HG02656,PJL,SAS
HG02897,GWD,AFR
HG02668,GWD,AFR
HG02924,ESN,AFR
HG02675,GWD,AFR
HG02943,ESN,AFR
HG02682,PJL,SAS
HG02979,ESN,AFR
HG02687,PJL,SAS
HG02981,ESN,AFR
HG02694,PJL,SAS
HG03009,BEB,SAS
HG02699,PJL,SAS
HG03016,PJL,SAS
HG02702,GWD,AFR
HG03023,PJL,SAS
HG02721,GWD,AFR
HG03028,GWD,AFR
HG02726,PJL,SAS
HG03035,GWD,AFR
HG02497,ACB,AFR
HG03047,GWD,AFR
HG02505,ACB,AFR
HG03078,MSL,AFR
HG02512,KHV,EAS
HG03080,MSL,AFR
HG02524,KHV,EAS
HG03085,MSL,AFR
HG02536,ACB,AFR
HG03097,MSL,AFR
HG02409,CDX,EAS
HG03100,ESN,AFR
HG02428,ACB,AFR
HG03105,ESN,AFR
HG02442,ACB,AFR
HG03237,PJL,SAS
HG02839,GWD,AFR
HG03249,GWD,AFR
HG02841,GWD,AFR
HG03251,GWD,AFR
HG02853,GWD,AFR
HG03268,ESN,AFR
HG02860,GWD,AFR
HG03270,ESN,AFR
HG02884,GWD,AFR
HG03054,MSL,AFR
HG02889,GWD,AFR
HG03059,MSL,AFR
HG02891,GWD,AFR
HG03061,MSL,AFR
HG02896,GWD,AFR
HG03066,MSL,AFR
HG02923,ESN,AFR
HG03073,MSL,AFR
HG02942,ESN,AFR
HG03112,ESN,AFR
HG03212,MSL,AFR
HG03117,ESN,AFR
HG03224,MSL,AFR
HG03124,ESN,AFR
HG03229,PJL,SAS
HG03129,ESN,AFR
HG03236,PJL,SAS
HG03131,ESN,AFR
HG03248,GWD,AFR
HG03193,ESN,AFR
HG03250,GWD,AFR
HG03198,ESN,AFR
HG03027,GWD,AFR
HG03225,MSL,AFR
HG03034,GWD,AFR
HG03136,ESN,AFR
HG03039,GWD,AFR
HG03162,ESN,AFR
HG03041,GWD,AFR
HG03167,ESN,AFR
HG03046,GWD,AFR
HG02948,ESN,AFR
HG03053,MSL,AFR
HG02974,ESN,AFR
HG03058,MSL,AFR
HG03369,ESN,AFR
HG03060,MSL,AFR
HG03371,ESN,AFR
HG03065,MSL,AFR
HG03376,MSL,AFR
HG03072,MSL,AFR
HG03383,MSL,AFR
HG03077,MSL,AFR
HG03388,MSL,AFR
HG03084,MSL,AFR
HG03390,MSL,AFR
HG03091,MSL,AFR
HG03484,MSL,AFR
HG03096,MSL,AFR
HG03489,PJL,SAS
HG02978,ESN,AFR
HG03491,PJL,SAS
HG02980,ESN,AFR
HG03511,ESN,AFR
HG03008,BEB,SAS
HG03516,ESN,AFR
HG03015,PJL,SAS
HG03617,BEB,SAS
HG03022,PJL,SAS
HG03624,PJL,SAS
HG03128,ESN,AFR
HG03629,PJL,SAS
HG03130,ESN,AFR
HG03631,PJL,SAS
HG03135,ESN,AFR
HG03636,PJL,SAS
HG03159,ESN,AFR
HG03408,MSL,AFR
HG03161,ESN,AFR
HG03410,MSL,AFR
HG03104,ESN,AFR
HG03439,MSL,AFR
HG03109,ESN,AFR
HG03446,MSL,AFR
HG03111,ESN,AFR
HG03453,MSL,AFR
HG03116,ESN,AFR
HG03458,MSL,AFR
HG03123,ESN,AFR
HG03460,MSL,AFR
HG02947,ESN,AFR
HG03465,MSL,AFR
HG02954,ESN,AFR
HG03472,MSL,AFR
HG02966,ESN,AFR
HG03477,MSL,AFR
HG02973,ESN,AFR
HG03547,MSL,AFR
HG03166,ESN,AFR
HG03559,MSL,AFR
HG03173,ESN,AFR
HG03566,MSL,AFR
HG03197,ESN,AFR
HG03578,MSL,AFR
HG03200,ESN,AFR
HG03294,ESN,AFR
HG03515,ESN,AFR
HG03299,ESN,AFR
HG03522,ESN,AFR
HG03302,ESN,AFR
HG03539,GWD,AFR
HG03307,ESN,AFR
HG03558,MSL,AFR
HG03585,BEB,SAS
HG03565,MSL,AFR
HG03600,BEB,SAS
HG03452,MSL,AFR
HG03605,BEB,SAS
HG03457,MSL,AFR
HG03314,ESN,AFR
HG03464,MSL,AFR
HG03352,ESN,AFR
HG03469,MSL,AFR
HG03787,ITU,SAS
HG03471,MSL,AFR
HG03794,BEB,SAS
HG03476,MSL,AFR
HG03799,BEB,SAS
HG03488,PJL,SAS
HG03802,BEB,SAS
HG03490,PJL,SAS
HG03807,BEB,SAS
HG03508,ESN,AFR
HG03732,ITU,SAS
HG03510,ESN,AFR
HG03744,STU,SAS
HG03394,MSL,AFR
HG03756,STU,SAS
HG03399,MSL,AFR
HG03869,ITU,SAS
HG03402,MSL,AFR
HG03871,ITU,SAS
HG03419,MSL,AFR
HG03876,ITU,SAS
HG03433,MSL,AFR
HG03888,STU,SAS
HG03438,MSL,AFR
HG03890,STU,SAS
HG03445,MSL,AFR
HG03895,STU,SAS
HG03572,MSL,AFR
HG03643,STU,SAS
HG03577,MSL,AFR
HG03650,PJL,SAS
HG03584,MSL,AFR
HG03667,PJL,SAS
HG03589,BEB,SAS
HG03679,STU,SAS
HG03596,BEB,SAS
HG03681,STU,SAS
HG03267,ESN,AFR
HG03706,PJL,SAS
HG03279,ESN,AFR
HG03713,ITU,SAS
HG03293,ESN,AFR
HG03718,ITU,SAS
HG03298,ESN,AFR
HG03720,ITU,SAS
HG03301,ESN,AFR
HG03725,ITU,SAS
HG03363,ESN,AFR
HG03838,STU,SAS
HG03368,ESN,AFR
HG03840,STU,SAS
HG03370,ESN,AFR
HG03845,STU,SAS
HG03382,MSL,AFR
HG03857,STU,SAS
HG03306,ESN,AFR
HG03864,ITU,SAS
HG03313,ESN,AFR
HG03763,PJL,SAS
HG03344,ESN,AFR
HG03770,ITU,SAS
HG03351,ESN,AFR
HG03775,ITU,SAS
HG03604,BEB,SAS
HG03782,ITU,SAS
HG03611,BEB,SAS
HG03686,STU,SAS
HG03616,BEB,SAS
HG03693,STU,SAS
HG03779,ITU,SAS
HG03698,STU,SAS
HG03781,ITU,SAS
HG03701,PJL,SAS
HG03786,ITU,SAS
HG03814,BEB,SAS
HG03793,BEB,SAS
HG03821,BEB,SAS
HG03798,BEB,SAS
HG03826,BEB,SAS
HG03801,BEB,SAS
HG03833,BEB,SAS
HG03832,BEB,SAS
HG04076,ITU,SAS
HG03837,STU,SAS
HG04090,ITU,SAS
HG03844,STU,SAS
HG04115,STU,SAS
HG03849,STU,SAS
HG04122,STU,SAS
HG03851,STU,SAS
HG04127,STU,SAS
HG03856,STU,SAS
HG04134,BEB,SAS
HG03697,STU,SAS
HG04204,STU,SAS
HG03700,PJL,SAS
HG04209,ITU,SAS
HG03705,PJL,SAS
HG04211,ITU,SAS
HG03717,ITU,SAS
HG04216,ITU,SAS
HG03755,STU,SAS
HG04228,STU,SAS
HG03762,PJL,SAS
HG04235,ITU,SAS
HG03767,PJL,SAS
HG03903,BEB,SAS
HG03774,ITU,SAS
HG03908,BEB,SAS
HG03635,PJL,SAS
HG03910,BEB,SAS
HG03642,STU,SAS
HG03915,BEB,SAS
HG03654,PJL,SAS
HG03922,BEB,SAS
HG03863,ITU,SAS
HG04141,BEB,SAS
HG03868,ITU,SAS
HG04146,BEB,SAS
HG03870,ITU,SAS
HG04153,BEB,SAS
HG03875,ITU,SAS
HG04158,BEB,SAS
HG03882,ITU,SAS
HG04160,BEB,SAS
HG03887,STU,SAS
HG03953,STU,SAS
HG03673,STU,SAS
HG03960,ITU,SAS
HG03680,STU,SAS
HG03965,ITU,SAS
HG03685,STU,SAS
HG03972,ITU,SAS
HG03692,STU,SAS
HG03977,ITU,SAS
HG03729,ITU,SAS
HG03989,STU,SAS
HG03731,ITU,SAS
HG03991,STU,SAS
HG03736,STU,SAS
HG04002,ITU,SAS
HG03743,STU,SAS
HG04014,ITU,SAS
HG03750,STU,SAS
HG04019,ITU,SAS
HG03806,BEB,SAS
HG04026,ITU,SAS
HG03813,BEB,SAS
HG04033,STU,SAS
HG03825,BEB,SAS
HG04177,BEB,SAS
HG04063,ITU,SAS
HG04184,BEB,SAS
HG04070,ITU,SAS
HG04189,BEB,SAS
HG04075,STU,SAS
HG04191,BEB,SAS
HG04094,ITU,SAS
HG03927,BEB,SAS
HG04099,STU,SAS
HG03934,BEB,SAS
HG04107,STU,SAS
HG03939,BEB,SAS
HG04114,STU,SAS
HG03941,BEB,SAS
HG03988,STU,SAS
HG04038,STU,SAS
HG03990,STU,SAS
HG04040,STU,SAS
HG03995,STU,SAS
NA12828,CEU,EUR
HG04001,ITU,SAS
NA12830,CEU,EUR
HG04006,STU,SAS
NA12842,CEU,EUR
HG04018,ITU,SAS
NA12873,CEU,EUR
HG04020,ITU,SAS
NA12878,CEU,EUR
HG03894,STU,SAS
NA12892,CEU,EUR
HG03899,STU,SAS
NA18484,YRI,AFR
HG03902,BEB,SAS
NA18489,YRI,AFR
HG03907,BEB,SAS
NA18504,YRI,AFR
HG03914,BEB,SAS
NA18509,YRI,AFR
HG04195,BEB,SAS
NA18511,YRI,AFR
HG04208,STU,SAS
NA18516,YRI,AFR
HG04210,STU,SAS
NA10860,CEU,EUR
HG04215,STU,SAS
NA10865,CEU,EUR
HG04164,BEB,SAS
NA11832,CEU,EUR
HG04171,BEB,SAS
NA11882,CEU,EUR
HG04176,BEB,SAS
NA11894,CEU,EUR
HG04183,BEB,SAS
NA11919,CEU,EUR
HG04188,BEB,SAS
NA11933,CEU,EUR
HG04133,BEB,SAS
NA11995,CEU,EUR
HG04140,BEB,SAS
NA12006,CEU,EUR
HG04152,BEB,SAS
NA12044,CEU,EUR
HG04157,BEB,SAS
NA12056,CEU,EUR
HG03919,BEB,SAS
NA12145,CEU,EUR
HG03926,BEB,SAS
NA12234,CEU,EUR
HG03940,BEB,SAS
NA12239,CEU,EUR
HG03945,STU,SAS
NA12272,CEU,EUR
HG03969,ITU,SAS
NA18523,YRI,AFR
HG03971,ITU,SAS
NA18528,CHB,EAS
HG03976,ITU,SAS
NA18530,CHB,EAS
HG04025,ITU,SAS
NA18535,CHB,EAS
HG04037,STU,SAS
NA18542,CHB,EAS
HG04056,ITU,SAS
NA18547,CHB,EAS
NA18503,YRI,AFR
NA18559,CHB,EAS
NA18508,YRI,AFR
NA18561,CHB,EAS
NA18510,YRI,AFR
NA18566,CHB,EAS
NA18515,YRI,AFR
NA18573,CHB,EAS
NA18522,YRI,AFR
NA18592,CHB,EAS
NA18527,CHB,EAS
NA18597,CHB,EAS
NA18534,CHB,EAS
NA18605,CHB,EAS
NA18539,CHB,EAS
NA18612,CHB,EAS
NA18541,CHB,EAS
NA18617,CHB,EAS
NA18546,CHB,EAS
NA18624,CHB,EAS
NA18553,CHB,EAS
NA18876,YRI,AFR
NA18558,CHB,EAS
NA18908,YRI,AFR
NA18560,CHB,EAS
NA18910,YRI,AFR
NA18565,CHB,EAS
NA18915,YRI,AFR
NA18572,CHB,EAS
NA18934,YRI,AFR
NA18933,YRI,AFR
NA18939,JPT,EAS
NA18940,JPT,EAS
NA18941,JPT,EAS
NA18945,JPT,EAS
NA18946,JPT,EAS
NA18952,JPT,EAS
NA18953,JPT,EAS
NA18957,JPT,EAS
NA18960,JPT,EAS
NA18964,JPT,EAS
NA18629,CHB,EAS
NA18969,JPT,EAS
NA18631,CHB,EAS
NA18971,JPT,EAS
NA18636,CHB,EAS
NA18976,JPT,EAS
NA18643,CHB,EAS
NA18983,JPT,EAS
NA18648,CHB,EAS
NA18988,JPT,EAS
NA18749,CHB,EAS
NA18990,JPT,EAS
NA18794,CHB,EAS
NA18995,JPT,EAS
NA18852,YRI,AFR
NA19001,JPT,EAS
NA18857,YRI,AFR
NA19006,JPT,EAS
NA18864,YRI,AFR
NA10852,CEU,EUR
NA18869,YRI,AFR
NA10857,CEU,EUR
NA18871,YRI,AFR
NA10864,CEU,EUR
NA12335,CEU,EUR
NA11829,CEU,EUR
NA12342,CEU,EUR
NA11831,CEU,EUR
NA12347,CEU,EUR
NA11843,CEU,EUR
NA12400,CEU,EUR
NA11881,CEU,EUR
NA12708,CEU,EUR
NA11893,CEU,EUR
NA12739,CEU,EUR
NA11918,CEU,EUR
NA12753,CEU,EUR
NA11920,CEU,EUR
NA12760,CEU,EUR
NA11932,CEU,EUR
NA12777,CEU,EUR
NA11994,CEU,EUR
NA18965,JPT,EAS
NA12005,CEU,EUR
NA18972,JPT,EAS
NA12043,CEU,EUR
NA18977,JPT,EAS
NA18577,CHB,EAS
NA18984,JPT,EAS
NA18591,CHB,EAS
NA18989,JPT,EAS
NA18596,CHB,EAS
NA18991,JPT,EAS
NA18609,CHB,EAS
NA19002,JPT,EAS
NA18611,CHB,EAS
NA19007,JPT,EAS
NA18616,CHB,EAS
NA19019,LWK,AFR
NA18623,CHB,EAS
NA19026,LWK,AFR
NA18628,CHB,EAS
NA06984,CEU,EUR
NA18630,CHB,EAS
NA06989,CEU,EUR
NA18635,CHB,EAS
NA06991,CEU,EUR
NA18642,CHB,EAS
NA07014,CEU,EUR
NA18647,CHB,EAS
NA07019,CEU,EUR
NA18748,CHB,EAS
NA07045,CEU,EUR
NA18856,YRI,AFR
NA07348,CEU,EUR
NA12752,CEU,EUR
NA10839,CEU,EUR
NA12776,CEU,EUR
NA10846,CEU,EUR
NA12815,CEU,EUR
NA10853,CEU,EUR
NA12827,CEU,EUR
NA19103,YRI,AFR
NA12865,CEU,EUR
NA19108,YRI,AFR
NA12872,CEU,EUR
NA19115,YRI,AFR
NA12877,CEU,EUR
NA19122,YRI,AFR
NA12889,CEU,EUR
NA19127,YRI,AFR
NA12891,CEU,EUR
NA19139,YRI,AFR
NA18488,YRI,AFR
NA19141,YRI,AFR
NA12144,CEU,EUR
NA19146,YRI,AFR
NA12156,CEU,EUR
NA19153,YRI,AFR
NA12264,CEU,EUR
NA19160,YRI,AFR
NA12283,CEU,EUR
NA19172,YRI,AFR
NA12341,CEU,EUR
NA19177,YRI,AFR
NA12485,CEU,EUR
NA19184,YRI,AFR
NA12707,CEU,EUR
NA19189,YRI,AFR
NA12740,CEU,EUR
NA19191,YRI,AFR
NA07051,CEU,EUR
NA19312,LWK,AFR
NA07056,CEU,EUR
NA19317,LWK,AFR
NA07347,CEU,EUR
NA19324,LWK,AFR
NA10838,CEU,EUR
NA19331,LWK,AFR
NA10840,CEU,EUR
NA19350,LWK,AFR
NA10845,CEU,EUR
NA19355,LWK,AFR
HG04222,ITU,SAS
NA19374,LWK,AFR
HG04227,STU,SAS
NA19379,LWK,AFR
HG04239,ITU,SAS
NA19381,LWK,AFR
NA06995,CEU,EUR
NA19393,LWK,AFR
NA07037,CEU,EUR
NA19398,LWK,AFR
NA18863,YRI,AFR
NA19401,LWK,AFR
NA18868,YRI,AFR
NA19432,LWK,AFR
NA18870,YRI,AFR
NA19437,LWK,AFR
NA18875,YRI,AFR
NA19444,LWK,AFR
NA18907,YRI,AFR
NA19449,LWK,AFR
NA18914,YRI,AFR
NA19451,LWK,AFR
NA19140,YRI,AFR
NA19456,LWK,AFR
NA19145,YRI,AFR
NA19463,LWK,AFR
NA19152,YRI,AFR
NA19468,LWK,AFR
NA19171,YRI,AFR
NA19470,LWK,AFR
NA19176,YRI,AFR
NA19475,LWK,AFR
NA19190,YRI,AFR
NA19653,MXL,AMR
NA19195,YRI,AFR
NA19658,MXL,AMR
NA19203,YRI,AFR
NA19660,MXL,AMR
NA19208,YRI,AFR
NA19665,MXL,AMR
NA19210,YRI,AFR
NA19672,MXL,AMR
NA19215,YRI,AFR
NA19742,MXL,AMR
NA19222,YRI,AFR
NA19747,MXL,AMR
NA19239,YRI,AFR
NA19754,MXL,AMR
NA19258,YRI,AFR
NA19759,MXL,AMR
NA19309,LWK,AFR
NA19761,MXL,AMR
NA19311,LWK,AFR
NA19766,MXL,AMR
NA19316,LWK,AFR
NA19773,MXL,AMR
NA19323,LWK,AFR
NA19778,MXL,AMR
NA19328,LWK,AFR
NA19780,MXL,AMR
NA19347,LWK,AFR
NA19785,MXL,AMR
NA19359,LWK,AFR
NA19792,MXL,AMR
NA19373,LWK,AFR
NA19797,MXL,AMR
NA19378,LWK,AFR
NA19836,ASW,AFR
NA19380,LWK,AFR
NA19901,ASW,AFR
NA19385,LWK,AFR
NA19913,ASW,AFR
NA19397,LWK,AFR
NA19918,ASW,AFR
NA19429,LWK,AFR
NA19920,ASW,AFR
NA19431,LWK,AFR
NA19982,ASW,AFR
NA19436,LWK,AFR
NA20129,ASW,AFR
NA19443,LWK,AFR
NA20282,ASW,AFR
NA19448,LWK,AFR
NA19677,MXL,AMR
NA19455,LWK,AFR
NA19684,MXL,AMR
NA19462,LWK,AFR
NA19704,ASW,AFR
NA19467,LWK,AFR
NA19711,ASW,AFR
NA19474,LWK,AFR
NA19716,MXL,AMR
NA19652,MXL,AMR
NA19723,MXL,AMR
NA19657,MXL,AMR
NA19728,MXL,AMR
NA19664,MXL,AMR
NA19730,MXL,AMR
NA19669,MXL,AMR
NA19735,MXL,AMR
NA19671,MXL,AMR
NA19196,YRI,AFR
NA19676,MXL,AMR
NA19204,YRI,AFR
NA19020,LWK,AFR
NA19209,YRI,AFR
NA19025,LWK,AFR
NA19211,YRI,AFR
NA19037,LWK,AFR
NA19223,YRI,AFR
NA19044,LWK,AFR
NA19235,YRI,AFR
NA19056,JPT,EAS
NA19247,YRI,AFR
NA19063,JPT,EAS
NA19254,YRI,AFR
NA19068,JPT,EAS
NA19038,LWK,AFR
NA19070,JPT,EAS
NA19057,JPT,EAS
NA19075,JPT,EAS
NA19064,JPT,EAS
NA19082,JPT,EAS
NA19076,JPT,EAS
NA19087,JPT,EAS
NA19083,JPT,EAS
NA19828,ASW,AFR
NA19088,JPT,EAS
NA19835,ASW,AFR
NA19090,JPT,EAS
NA19900,ASW,AFR
NA19095,YRI,AFR
NA19905,ASW,AFR
NA20287,ASW,AFR
NA19917,ASW,AFR
NA20294,ASW,AFR
NA19924,ASW,AFR
NA20299,ASW,AFR
NA20128,ASW,AFR
NA20302,ASW,AFR
NA20274,ASW,AFR
NA20314,ASW,AFR
NA20279,ASW,AFR
NA20319,ASW,AFR
NA20281,ASW,AFR
NA20321,ASW,AFR
NA19746,MXL,AMR
NA20333,ASW,AFR
NA19753,MXL,AMR
NA20340,ASW,AFR
NA19758,MXL,AMR
NA20787,TSI,EUR
NA19760,MXL,AMR
NA20799,TSI,EUR
NA19772,MXL,AMR
NA20802,TSI,EUR
NA19777,MXL,AMR
NA20807,TSI,EUR
NA19784,MXL,AMR
NA20814,TSI,EUR
NA19789,MXL,AMR
NA20819,TSI,EUR
NA19796,MXL,AMR
NA20821,TSI,EUR
NA19094,YRI,AFR
NA20826,TSI,EUR
NA19099,YRI,AFR
NA20845,GIH,SAS
NA19102,YRI,AFR
NA20852,GIH,SAS
NA19107,YRI,AFR
NA20345,ASW,AFR
NA19114,YRI,AFR
NA20357,ASW,AFR
NA19119,YRI,AFR
NA20364,ASW,AFR
NA19121,YRI,AFR
NA20504,TSI,EUR
NA19138,YRI,AFR
NA20509,TSI,EUR
NA19683,MXL,AMR
NA20511,TSI,EUR
NA19703,ASW,AFR
NA20516,TSI,EUR
NA19708,ASW,AFR
NA20528,TSI,EUR
NA19722,MXL,AMR
NA20530,TSI,EUR
NA19727,MXL,AMR
NA20535,TSI,EUR
NA19734,MXL,AMR
NA20542,TSI,EUR
NA19741,MXL,AMR
NA20585,TSI,EUR
NA20298,ASW,AFR
NA20756,TSI,EUR
NA20301,ASW,AFR
NA20763,TSI,EUR
NA20313,ASW,AFR
NA20768,TSI,EUR
NA20318,ASW,AFR
NA20770,TSI,EUR
NA20320,ASW,AFR
NA20775,TSI,EUR
NA20332,ASW,AFR
NA20864,GIH,SAS
NA20337,ASW,AFR
NA20869,GIH,SAS
NA20344,ASW,AFR
NA20871,GIH,SAS
NA20349,ASW,AFR
NA20876,GIH,SAS
NA20351,ASW,AFR
NA20883,GIH,SAS
NA20356,ASW,AFR
NA20908,GIH,SAS
NA20363,ASW,AFR
NA20910,GIH,SAS
NA20414,ASW,AFR
NA21088,GIH,SAS
NA20503,TSI,EUR
NA21090,GIH,SAS
NA20508,TSI,EUR
NA21095,GIH,SAS
NA20510,TSI,EUR
NA20888,GIH,SAS
NA20515,TSI,EUR
NA20890,GIH,SAS
NA20522,TSI,EUR
NA20895,GIH,SAS
NA20786,TSI,EUR
NA20903,GIH,SAS
NA20798,TSI,EUR
SC_GMJOL5309930,GWJ,AFR
NA20801,TSI,EUR
SC_GMJOL5309891,GWJ,AFR
NA20806,TSI,EUR
SC_GMFUL5306370,GWF,AFR
NA20813,TSI,EUR
SC_GMFUL5306426,GWF,AFR
NA20818,TSI,EUR
SC_GMFUL5306421,GWF,AFR
NA20832,TSI,EUR
NA21127,GIH,SAS
NA20849,GIH,SAS
NA21134,GIH,SAS
NA20851,GIH,SAS
NA21141,GIH,SAS
NA20856,GIH,SAS
NA21103,GIH,SAS
NA21126,GIH,SAS
NA21108,GIH,SAS
NA21133,GIH,SAS
NA21110,GIH,SAS
SC_GMFUL5306338,GWF,AFR
NA21115,GIH,SAS
NA20527,TSI,EUR
NA21122,GIH,SAS
NA20534,TSI,EUR
SC_GMFUL5309730,GWF,AFR
NA20539,TSI,EUR
SC_GMFUL5306382,GWF,AFR
NA20541,TSI,EUR
SC_GMFUL5306351,GWF,AFR
NA20589,TSI,EUR
SC_GMFUL5306375,GWF,AFR
NA20755,TSI,EUR
SC_GMFUL5306399,GWF,AFR
NA20762,TSI,EUR
SC_GMFUL5306407,GWF,AFR
NA20767,TSI,EUR
SC_GMFUL5306344,GWF,AFR
NA20774,TSI,EUR
SC_GMJOL5309911,GWJ,AFR
NA21102,GIH,SAS
SC_GMJOL5309935,GWJ,AFR
NA21107,GIH,SAS
SC_GMJOL5309959,GWJ,AFR
NA21114,GIH,SAS
SC_GMJOL5309896,GWJ,AFR
NA21119,GIH,SAS
SC_GMJOL5309904,GWJ,AFR
NA21121,GIH,SAS
SC_GMJOL5309928,GWJ,AFR
NA20863,GIH,SAS
SC_GMWOF5428763,GWW,AFR
NA20868,GIH,SAS
SC_GMWOF5428732,GWW,AFR
NA20870,GIH,SAS
SC_GMWOF5428744,GWW,AFR
NA20875,GIH,SAS
SC_GMWOF5428713,GWW,AFR
NA20882,GIH,SAS
SC_GMFUL5306387,GWF,AFR
NA20907,GIH,SAS
SC_GMFUL5306419,GWF,AFR
NA21087,GIH,SAS
SC_GMFUL5306356,GWF,AFR
NA21094,GIH,SAS
SC_GMFUL5309773,GWF,AFR
NA21099,GIH,SAS
SC_GMFUL5309747,GWF,AFR
NA20887,GIH,SAS
SC_GMFUL5309716,GWF,AFR
NA20894,GIH,SAS
SC_GMFUL5306363,GWF,AFR
NA20899,GIH,SAS
SC_GMFUL5309709,GWF,AFR
NA20902,GIH,SAS
SC_GMJOL5309980,GWJ,AFR
SC_GMFUL5306410,GWF,AFR
SC_GMJOL5309973,GWJ,AFR
SC_GMFUL5306408,GWF,AFR
SC_GMJOL5309942,GWJ,AFR
SC_GMFUL5306395,GWF,AFR
SC_GMJOL5309966,GWJ,AFR
SC_GMFUL5306403,GWF,AFR
SC_GMJOL5309860,GWJ,AFR
SC_GMFUL5306427,GWF,AFR
SC_GMJOL5309884,GWJ,AFR
SC_GMFUL5306345,GWF,AFR
SC_GMWOF5428770,GWW,AFR
SC_GMFUL5306340,GWF,AFR
SC_GMJOL5309961,GWJ,AFR
SC_GMFUL5309781,GWF,AFR
SC_GMJOL5309985,GWJ,AFR
SC_GMFUL5309755,GWF,AFR
SC_GMJOL5309827,GWJ,AFR
SC_GMFUL5309700,GWF,AFR
SC_GMFUL5309711,GWF,AFR
SC_GMFUL5306371,GWF,AFR
SC_GMFUL5306349,GWF,AFR
SC_GMFUL5309748,GWF,AFR
SC_GMFUL5309735,GWF,AFR
SC_GMFUL5309717,GWF,AFR
SC_GMWOF5428833,GWW,AFR
SC_GMJOL5309897,GWJ,AFR
SC_GMWOF5428857,GWW,AFR
SC_GMJOL5309905,GWJ,AFR
SC_GMMAN5482170,GWD,AFR
SC_GMJOL5309929,GWJ,AFR
SC_GMMAN5482194,GWD,AFR
SC_GMJOL5309835,GWJ,AFR
SC_GMMAN5482202,GWD,AFR
SC_GMJOL5309859,GWJ,AFR
SC_GMMAN5482163,GWD,AFR
SC_GMJOL5309948,GWJ,AFR
SC_GMMAN5482187,GWD,AFR
SC_GMJOL5309917,GWJ,AFR
SC_GMWOF5428737,GWW,AFR
SC_GMJOL5309981,GWJ,AFR
SC_GMWOF5428794,GWW,AFR
SC_GMJOL5309950,GWJ,AFR
SC_GMWOF5428802,GWW,AFR
SC_GMJOL5309974,GWJ,AFR
SC_GMWOF5428826,GWW,AFR
SC_GMFUL5306369,GWF,AFR
SC_GMWOF5428787,GWW,AFR
SC_GMFUL5306388,GWF,AFR
SC_GMWOF5428819,GWW,AFR
SC_GMFUL5306357,GWF,AFR
SC_GMMAN5482221,GWD,AFR
SC_GMJOL5309979,GWJ,AFR
SC_GMMAN5482199,GWD,AFR
SC_GMJOL5309943,GWJ,AFR
SC_GMMAN5482207,GWD,AFR
SC_GMJOL5309967,GWJ,AFR
SC_GMMAN5482168,GWD,AFR
SC_GMJOL5309912,GWJ,AFR
SC_GMMAN5482240,GWD,AFR
SC_GMJOL5309936,GWJ,AFR
SC_GMMAN5482233,GWD,AFR
SC_GMFUL5306390,GWF,AFR
SC_GMMAN5482290,GWD,AFR
SC_GMFUL5306383,GWF,AFR
SC_GMMAN5482322,GWD,AFR
SC_GMFUL5306415,GWF,AFR
SC_GMMAN5482283,GWD,AFR
SC_GMFUL5306352,GWF,AFR
SC_GMMAN5482315,GWD,AFR
SC_GMWOF5428707,GWW,AFR
SC_GMMAN5482276,GWD,AFR
SC_GMWOF5428771,GWW,AFR
SC_GMMAN5482308,GWD,AFR
SC_GMWOF5428740,GWW,AFR
SC_GMWOF5428814,GWW,AFR
SC_GMWOF5428721,GWW,AFR
SC_GMWOF5428838,GWW,AFR
SC_GMJOL5309796,GWJ,AFR
SC_GMWOF5428871,GWW,AFR
SC_GMJOL5309804,GWJ,AFR
SC_GMMAN5482219,GWD,AFR
SC_GMJOL5309828,GWJ,AFR
SC_GMMAN5482252,GWD,AFR
SC_GMWOF5428745,GWW,AFR
SC_GMWOF5428821,GWW,AFR
SC_GMWOF5428810,GWW,AFR
SC_GMWOF5428869,GWW,AFR
SC_GMWOF5428834,GWW,AFR
HGDP00005,,
SC_GMWOF5428858,GWW,AFR
HGDP00017,,
SC_GMWOF5428795,GWW,AFR
HGDP00029,,
SC_GMWOF5428803,GWW,AFR
HGDP00031,,
SC_GMWOF5428827,GWW,AFR
HGDP00043,,
SC_GMMAN5482256,GWD,AFR
HGDP00466,,
SC_GMMAN5482193,GWD,AFR
HGDP00473,,
SC_GMMAN5482201,GWD,AFR
HGDP00478,,
SC_GMMAN5482225,GWD,AFR
HGDP00512,,
SC_GMMAN5482282,GWD,AFR
HGDP00372,,
SC_GMMAN5482314,GWD,AFR
HGDP00423,,
SC_GMWOF5428822,GWW,AFR
HGDP00454,,
SC_GMWOF5428846,GWW,AFR
HGDP00459,,
SC_GMWOF5428815,GWW,AFR
HGDP00288,,
SC_GMWOF5428839,GWW,AFR
HGDP00290,,
SC_GMWOF5428808,GWW,AFR
HGDP00315,,
SC_GMWOF5428841,GWW,AFR
HGDP00341,,
SC_GMWOF5428865,GWW,AFR
HGDP00346,,
SC_GMMAN5482162,GWD,AFR
HGDP00137,,
SC_GMMAN5482186,GWD,AFR
HGDP00144,,
SC_GMMAN5482299,GWD,AFR
HGDP00149,,
SC_GMMAN5482307,GWD,AFR
HGDP00151,,
SC_GMMAN5482268,GWD,AFR
HGDP00163,,
SC_GMMAN5482340,GWD,AFR
HGDP00175,,
SC_GMMAN5482251,GWD,AFR
HGDP00187,,
SC_GMMAN5482220,GWD,AFR
HGDP00199,,
SC_GMMAN5482244,GWD,AFR
HGDP00214,,
SC_GMMAN5482181,GWD,AFR
HGDP00062,,
SC_GMWOF5428788,GWW,AFR
HGDP00074,,
SC_GMWOF5428877,GWW,AFR
HGDP00086,,
SC_GMWOF5428790,GWW,AFR
HGDP00098,,
SC_GMMAN5482213,GWD,AFR
HGDP00517,,
SC_GMMAN5482232,GWD,AFR
HGDP00524,,
HGDP00009,,
HGDP00529,,
HGDP00011,,
HGDP00531,,
HGDP00023,,
HGDP00536,,
HGDP00035,,
HGDP00106,,
HGDP00047,,
HGDP00118,,
HGDP00302,,
HGDP00120,,
HGDP00307,,
HGDP00226,,
HGDP00319,,
HGDP00264,,
HGDP00321,,
HGDP00543,,
HGDP00326,,
HGDP00550,,
HGDP00333,,
HGDP00555,,
HGDP00364,,
HGDP00562,,
HGDP00371,,
HGDP00649,,
HGDP00179,,
HGDP00651,,
HGDP00181,,
HGDP00663,,
HGDP00201,,
HGDP00668,,
HG00135,GBR,EUR
HGDP00206,,
HGDP00670,,
HG00142,GBR,EUR
HGDP00213,,
HGDP00675,,
HG00147,GBR,EUR
HGDP00218,,
HGDP00714,,
HG00138,GBR,EUR
HG00154,GBR,EUR
HGDP00460,,
HGDP00719,,
HG00140,GBR,EUR
HG00159,GBR,EUR
HGDP00465,,
HGDP00721,,
HG00145,GBR,EUR
HG00173,FIN,EUR
HGDP00472,,
HGDP00726,,
HG00152,GBR,EUR
HG00178,FIN,EUR
HGDP00491,,
HGDP00733,,
HG00157,GBR,EUR
HG00180,FIN,EUR
HGDP00511,,
HGDP00764,,
HG00171,FIN,EUR
HG00185,FIN,EUR
HGDP00136,,
HGDP00769,,
HG00176,FIN,EUR
HG00231,GBR,EUR
HGDP00143,,
HGDP00771,,
HG00183,FIN,EUR
HG00236,GBR,EUR
HGDP00148,,
HGDP00776,,
HG00188,FIN,EUR
HG00243,GBR,EUR
HGDP00150,,
HGDP00788,,
HG00190,FIN,EUR
HG00248,GBR,EUR
HGDP00155,,
HGDP00790,,
HG00234,GBR,EUR
HG00250,GBR,EUR
HGDP00167,,
HGDP00738,,
HG00239,GBR,EUR
HG00255,GBR,EUR
HGDP00516,,
HGDP00740,,
HG00246,GBR,EUR
HG00262,GBR,EUR
HGDP00523,,
HGDP00745,,
HG00253,GBR,EUR
HG00267,FIN,EUR
HGDP00528,,
HGDP00752,,
HG00258,GBR,EUR
HG00274,FIN,EUR
HGDP00535,,
HGDP00757,,
HG00260,GBR,EUR
HG00281,FIN,EUR
HGDP00542,,
HGDP00598,,
HG00265,GBR,EUR
HG00306,FIN,EUR
HGDP00376,,
HGDP00601,,
HG00272,FIN,EUR
HG00313,FIN,EUR
HGDP00388,,
HGDP00606,,
HG00277,FIN,EUR
HG00318,FIN,EUR
HGDP00453,,
HGDP00613,,
HG00501,CHS,EAS
HG00320,FIN,EUR
HGDP00458,,
HGDP00618,,
HG00513,CHS,EAS
HG00325,FIN,EUR
HGDP00100,,
HGDP00620,,
HG00525,CHS,EAS
HG00332,FIN,EUR
HGDP00105,,
HGDP00567,,
HG00532,CHS,EAS
HG00337,FIN,EUR
HGDP00129,,
HGDP00574,,
HG00537,CHS,EAS
HG00344,FIN,EUR
HGDP00131,,
HGDP00579,,
HG00544,CHS,EAS
HG00349,FIN,EUR
HGDP00237,,
HGDP00581,,
HG00551,PUR,AMR
HG00351,FIN,EUR
HGDP00244,,
HGDP00586,,
HG00556,CHS,EAS
HG00356,FIN,EUR
HGDP00251,,
HGDP00682,,
HG00582,CHS,EAS
HG00368,FIN,EUR
HGDP00054,,
HGDP00687,,
HG00378,FIN,EUR
HG00375,FIN,EUR
HGDP00066,,
HGDP00694,,
HG00380,FIN,EUR
HG00096,GBR,EUR
HGDP00078,,
HGDP00699,,
HG00405,CHS,EAS
HG00104,GBR,EUR
HGDP00080,,
HGDP00625,,
HG00429,CHS,EAS
HG00109,GBR,EUR
HGDP00092,,
HGDP00632,,
HG00436,CHS,EAS
HG00111,GBR,EUR
HGDP00547,,
HGDP00637,,
HG00443,CHS,EAS
HG00116,GBR,EUR
HGDP00559,,
HGDP00644,,
HG00448,CHS,EAS
HG00123,GBR,EUR
HGDP00561,,
HGDP01027,,
HG00450,CHS,EAS
HG00128,GBR,EUR
HGDP00566,,
HGDP01041,,
HG00474,CHS,EAS
HG00130,GBR,EUR
HGDP00648,,
HGDP01053,,
HG00479,CHS,EAS
HGDP00655,,
HGDP01058,,
HG00284,FIN,EUR
HGDP00662,,
HGDP01060,,
HG00304,FIN,EUR
HGDP00667,,
HGDP01065,,
HG00309,FIN,EUR
HGDP00674,,
HGDP00872,,
HG00311,FIN,EUR
HGDP00679,,
HGDP00877,,
HG00323,FIN,EUR
HGDP00686,,
HGDP00884,,
HG00328,FIN,EUR
HGDP00693,,
HGDP00889,,
HG00330,FIN,EUR
HGDP00698,,
HGDP00891,,
HG00335,FIN,EUR
HGDP00701,,
HGDP00985,,
HG00342,FIN,EUR
HGDP00763,,
HGDP00992,,
HG00359,FIN,EUR
HGDP00768,,
HGDP01010,,
HG00361,FIN,EUR
HGDP00782,,
HGDP00954,,
HG00366,FIN,EUR
HGDP00787,,
HGDP00959,,
HG00373,FIN,EUR
HGDP00720,,
HGDP00961,,
HG00594,CHS,EAS
HGDP00732,,
HGDP00966,,
HG00599,CHS,EAS
HGDP00744,,
HGDP00973,,
HG00607,CHS,EAS
HGDP00751,,
HGDP00896,,
HG00614,CHS,EAS
HG00382,FIN,EUR
HGDP00756,,
HGDP00904,,
HG00619,CHS,EAS
HG00407,CHS,EAS
HGDP00624,,
HGDP00909,,
HG00621,CHS,EAS
HG00419,CHS,EAS
HGDP00629,,
HGDP00911,,
HG00626,CHS,EAS
HG00421,CHS,EAS
HGDP00631,,
HGDP00916,,
HG00633,CHS,EAS
HG00438,CHS,EAS
HGDP00636,,
HGDP00822,,
HG00638,PUR,AMR
HG00445,CHS,EAS
HGDP00643,,
HGDP00858,,
HG00099,GBR,EUR
HG00452,CHS,EAS
HGDP00573,,
HGDP00860,,
HG00102,GBR,EUR
HG00457,CHS,EAS
HGDP00578,,
HGDP00865,,
HG00107,GBR,EUR
HG00464,CHS,EAS
HGDP00580,,
HGDP00795,,
HG00114,GBR,EUR
HG00476,CHS,EAS
HGDP00600,,
HGDP00803,,
HG00119,GBR,EUR
HG00729,CHS,EAS
HGDP00612,,
HGDP00808,,
HG00121,GBR,EUR
HG00731,PUR,AMR
HGDP00977,,
HGDP00810,,
HG00126,GBR,EUR
HG00736,PUR,AMR
HGDP00984,,
HGDP00815,,
HG00133,GBR,EUR
HG00743,PUR,AMR
HGDP01014,,
HGDP00930,,
HG00844,CDX,EAS
HGDP01019,,
HGDP00935,,
HG00851,CDX,EAS
HGDP01021,,
HGDP00942,,
HG00983,CDX,EAS
HGDP01069,,
HGDP00947,,
HG00640,PUR,AMR
HG01094,PUR,AMR
HGDP01071,,
HGDP01072,,
HG00652,CHS,EAS
HG01099,PUR,AMR
HGDP01090,,
HGDP01077,,
HG00657,CHS,EAS
HG01102,PUR,AMR
HGDP01103,,
HGDP01096,,
HG00664,CHS,EAS
HG01107,PUR,AMR
HGDP00794,,
HGDP01387,,
HG00671,CHS,EAS
HG01114,CLM,AMR
HGDP00799,,
HGDP01399,,
HG00676,CHS,EAS
HG01119,CLM,AMR
HGDP00802,,
HGDP01419,,
HG00683,CHS,EAS
HG01121,CLM,AMR
HGDP00807,,
Armenian222,,
HG00690,CHS,EAS
HG01126,CLM,AMR
HGDP00814,,
HGDP01243,,
HG00703,CHS,EAS
HG01133,CLM,AMR
HGDP00819,,
HGDP01248,,
HG00708,CHS,EAS
HG01138,CLM,AMR
HGDP00869,,
HGDP01255,,
HG01148,CLM,AMR
HG01140,CLM,AMR
HGDP00871,,
HGDP01262,,
HG01150,CLM,AMR
HG00534,CHS,EAS
HGDP00876,,
HGDP01267,,
HG01162,PUR,AMR
HG00553,PUR,AMR
HGDP00883,,
HGDP01185,,
HG01167,PUR,AMR
HG00558,CHS,EAS
HGDP00888,,
HGDP01192,,
HG01174,PUR,AMR
HG00560,CHS,EAS
HGDP00890,,
HGDP01197,,
HG01198,PUR,AMR
HG00565,CHS,EAS
HGDP01033,,
HGDP01200,,
HG01206,PUR,AMR
HG00577,CHS,EAS
HGDP01057,,
HGDP01205,,
HG01249,PUR,AMR
HG00584,CHS,EAS
HGDP01064,,
HGDP01212,,
HG01251,CLM,AMR
HG00589,CHS,EAS
HGDP00821,,
HGDP01104,,
HG01326,PUR,AMR
HG00642,PUR,AMR
HGDP00838,,
HGDP01161,,
HG01345,CLM,AMR
HG00654,CHS,EAS
HGDP00845,,
HGDP01166,,
HG01352,CLM,AMR
HG00673,CHS,EAS
HGDP00864,,
HGDP01173,,
HG01357,CLM,AMR
HG00685,CHS,EAS
HGDP00934,,
HGDP01180,,
HG01364,CLM,AMR
HG00692,CHS,EAS
HGDP00939,,
HGDP01217,,
HG01369,CLM,AMR
HG00700,CHS,EAS
HGDP00941,,
HGDP01224,,
HG01092,PUR,AMR
HG00705,CHS,EAS
HGDP00946,,
HGDP01229,,
HG01097,PUR,AMR
HG00717,CHS,EAS
HGDP00953,,
HGDP01231,,
HG01100,PUR,AMR
HG00591,CHS,EAS
HGDP00958,,
HGDP01236,,
HG01105,PUR,AMR
HG00596,CHS,EAS
HGDP00960,,
HGDP01363,,
HG01112,CLM,AMR
HG00609,CHS,EAS
HGDP00965,,
HGDP01368,,
HG01124,CLM,AMR
HG00611,CHS,EAS
HGDP00972,,
HGDP01370,,
HG01131,CLM,AMR
HG00623,CHS,EAS
HGDP00895,,
HGDP01375,,
HG01136,CLM,AMR
HG00628,CHS,EAS
HGDP00908,,
HGDP01382,,
HG01028,CDX,EAS
HG00630,CHS,EAS
HGDP00910,,
HGDP01298,,
HG01047,PUR,AMR
HG00635,CHS,EAS
HGDP01247,,
HGDP01301,,
HG01054,PUR,AMR
HG01049,PUR,AMR
HGDP01254,,
HGDP01313,,
HG01061,PUR,AMR
HG01051,PUR,AMR
HGDP01259,,
HGDP01318,,
HG01066,PUR,AMR
HG01056,PUR,AMR
HGDP01261,,
HGDP01332,,
HG01073,PUR,AMR
HG01063,PUR,AMR
HGDP01266,,
HGDP01337,,
HG01080,PUR,AMR
HG01068,PUR,AMR
HGDP01273,,
HGDP01349,,
HG01085,PUR,AMR
HG01070,PUR,AMR
HGDP01280,,
HGDP01351,,
HG01376,CLM,AMR
HG01075,PUR,AMR
HGDP01285,,
HGDP01356,,
HG01383,CLM,AMR
HG01082,PUR,AMR
HGDP01292,,
HGDP01279,,
HG01390,CLM,AMR
HG01087,PUR,AMR
HGDP01386,,
HGDP01293,,
HG01395,PUR,AMR
HG01164,PUR,AMR
HGDP01398,,
Ul31,,
HG01403,PUR,AMR
HG01169,PUR,AMR
HGDP01406,,
HGDP01344,,
HG01415,PUR,AMR
HG01171,PUR,AMR
HGDP01413,,
Mansi79,,
HG01439,CLM,AMR
HG01176,PUR,AMR
HGDP01418,,
HGDP01274,,
HG01441,CLM,AMR
HG01183,PUR,AMR
HGDP01362,,
HGDP01306,,
HG01453,CLM,AMR
HG01188,PUR,AMR
HGDP01367,,
HGDP01402,,
HG01465,CLM,AMR
HG01190,PUR,AMR
HGDP01374,,
Est375,,
HG00734,PUR,AMR
HG01195,PUR,AMR
HGDP01379,,
NorthOssetia5,,
HG00739,PUR,AMR
HG01241,PUR,AMR
HGDP01381,,
iran11,,
HG00741,PUR,AMR
HG01253,CLM,AMR
HGDP01300,,
HGDP00461,,
HG00866,CDX,EAS
HG01258,CLM,AMR
HGDP01305,,
BulgarianB4,,
HG01256,CLM,AMR
HG01260,CLM,AMR
HGDP01317,,
IHW9193,,
HG01275,CLM,AMR
HG01272,CLM,AMR
HGDP01329,,
HGDP01286,,
HG01302,PUR,AMR
HG01277,CLM,AMR
HGDP01189,,
NA11200,,
HG01477,CLM,AMR
HG01284,CLM,AMR
HGDP01196,,
TGBS21,,
HG01484,CLM,AMR
HG01311,PUR,AMR
HGDP01204,,
Ul5,,
HG01489,CLM,AMR
HG01323,PUR,AMR
HGDP01209,,
Nlk18,,
HG01491,CLM,AMR
HG01342,CLM,AMR
HGDP01177,,
HGDP01015,,
HG01496,CLM,AMR
HG01347,CLM,AMR
HGDP01184,,
HGDP00928,,
HG01504,IBS,EUR
HG01354,CLM,AMR
HGDP01216,,
HGDP01250,,
HG01597,KHV,EAS
HG01359,CLM,AMR
HGDP01230,,
HGDP00846,,
HG01600,KHV,EAS
HG01361,CLM,AMR
HGDP01331,,
TZ-11,,
HG01605,IBS,EUR
HG01366,CLM,AMR
HGDP01336,,
I3,,
HG01612,IBS,EUR
HG01474,CLM,AMR
HGDP01348,,
R6,,
HG01509,IBS,EUR
HG01479,CLM,AMR
HGDP00597,,
Ale22,,
HG01511,IBS,EUR
HG01481,CLM,AMR
mixe0007,,
NA17385,,
HG01516,IBS,EUR
HG01486,CLM,AMR
Tuba19,,
HGDP00702,,
HG01523,IBS,EUR
HG01493,CLM,AMR
NA15763,,
ND19394,,
HG01528,IBS,EUR
HG01498,CLM,AMR
HGDP00554,,
HGDP01414,,
HG01530,IBS,EUR
HG01501,IBS,EUR
K1,,
HGDP00548,,
HG01617,IBS,EUR
HG01614,IBS,EUR
HGDP00857,,
HGDP00125,,
HG01624,IBS,EUR
HG01619,IBS,EUR
Y4,,
HGDP01320,,
HG01629,IBS,EUR
HG01621,IBS,EUR
altai363p,,
BulgarianC1,,
HG01631,IBS,EUR
HG01626,IBS,EUR
ND15865,,
NA15202,,
HG01667,IBS,EUR
HG01633,IBS,EUR
HGDP01211,,
HGDP00656,,
HG01674,IBS,EUR
HG01669,IBS,EUR
Peru60,,
HGDP00783,,
HG01566,PEL,AMR
HG01671,IBS,EUR
NA00726,,
HGDP01034,,
HG01573,PEL,AMR
HG01378,CLM,AMR
mixe0002,,
zapo0098,,
HG01578,PEL,AMR
HG01385,CLM,AMR
NA17377,,
HGDP00428,,
HG01679,IBS,EUR
HG01392,PUR,AMR
HGDP00903,,
DNK11,,
HG01681,IBS,EUR
HG01397,PUR,AMR
IHW9118,,
Jordan603,,
HG01686,IBS,EUR
HG01405,PUR,AMR
HGDP01228,,
GM21487,MKK,
HG01698,IBS,EUR
HG01412,PUR,AMR
HGDP00749,,
HG01701,IBS,EUR
HG01594,PJL,SAS
HGDP01297,,
HG01768,IBS,EUR
HG01599,KHV,EAS
HGDP01355,,
HG01770,IBS,EUR
HG01602,IBS,EUR
HGDP01312,,
HG01775,IBS,EUR
HG01607,IBS,EUR
tdj409_shugnan,,
HG01782,IBS,EUR
HG01506,IBS,EUR
abh107,,
HG01787,IBS,EUR
HG01513,IBS,EUR
HGDP01076,,
HG01706,IBS,EUR
HG01518,IBS,EUR
HGDP00991,,
HG01756,IBS,EUR
HG01520,IBS,EUR
HGDP00775,,
HG01763,IBS,EUR
HG01525,IBS,EUR
HGDP01153,,
HG01794,CDX,EAS
HG01532,IBS,EUR
HGDP00713,,
HG01799,CDX,EAS
HG01537,IBS,EUR
HGDP00915,,
HG01802,CDX,EAS
HG01551,CLM,AMR
HGDP00852,,
HG01807,CDX,EAS
HG01556,CLM,AMR
HGDP01172,,
HG01888,ACB,AFR
HG01431,CLM,AMR
NA13616,,
HG01890,ACB,AFR
HG01443,CLM,AMR
HGDP00650,,
HG01895,ACB,AFR
HG01455,CLM,AMR
B17,,
HG01915,ACB,AFR
HG01462,CLM,AMR
HGDP01242,,
HG01922,PEL,AMR
HG01676,IBS,EUR
lez42,,
HG01953,PEL,AMR
HG01683,IBS,EUR
HGDP00338,,
HG01958,ACB,AFR
HG01695,IBS,EUR
HGDP01223,,
HG01960,ACB,AFR
HG01979,PEL,AMR
HGDP00530,,
HG01965,PEL,AMR
HG01981,PEL,AMR
KD4,,
HG01972,PEL,AMR
HG01986,ACB,AFR
HGDP00124,,
HG01977,PEL,AMR
HG01993,PEL,AMR
NA13604,,
HG01984,PEL,AMR
HG01998,PEL,AMR
HGDP01191,,
HG01989,ACB,AFR
HG01892,PEL,AMR
HGDP00737,,
HG01991,PEL,AMR
HG01897,ACB,AFR
HGDP01350,,
HG02002,PEL,AMR
HG01912,ACB,AFR
Esk29,,
HG02014,ACB,AFR
HG01917,PEL,AMR
Ayodo_430C,,
HG02019,KHV,EAS
HG01924,PEL,AMR
HGDP00725,,
HG02021,KHV,EAS
HG01866,KHV,EAS
HGDP00706,,
HG02026,KHV,EAS
HG01873,KHV,EAS
Ale14,,
HG01927,PEL,AMR
HG01878,KHV,EAS
mixa0099,,
HG01934,PEL,AMR
HG01880,ACB,AFR
HGDP01401,,
HG01939,PEL,AMR
HG01885,ACB,AFR
HGDP01095,,
HG01941,PEL,AMR
HG01772,IBS,EUR
Nlk1,,
HG01946,PEL,AMR
HG01777,IBS,EUR
HGDP00232,,
HG01864,KHV,EAS
HG01784,IBS,EUR
IraqiJew4291,,
HG01869,KHV,EAS
HG01789,GBR,EUR
HG01871,KHV,EAS
HG01703,IBS,EUR
HG01883,ACB,AFR
HG01708,IBS,EUR
HG02064,KHV,EAS
HG01710,IBS,EUR
HG02069,KHV,EAS
HG01746,IBS,EUR
HG02071,KHV,EAS
HG01765,IBS,EUR
HG02076,KHV,EAS
HG00134,GBR,EUR
HG01791,GBR,EUR
HG02040,KHV,EAS
HG00139,GBR,EUR
HG01796,CDX,EAS
HG02052,ACB,AFR
HG00141,GBR,EUR
HG01804,CDX,EAS
HG02057,KHV,EAS
HG00146,GBR,EUR
HG01809,CDX,EAS
HG01840,KHV,EAS
HG00153,GBR,EUR
HG01811,CDX,EAS
HG01845,KHV,EAS
HG00158,GBR,EUR
HG01950,PEL,AMR
HG01852,KHV,EAS
HG00160,GBR,EUR
HG01955,PEL,AMR
HG01857,KHV,EAS
HG00177,FIN,EUR
HG01967,PEL,AMR
HG02083,KHV,EAS
HG00189,FIN,EUR
HG01974,PEL,AMR
HG02088,KHV,EAS
HG00235,GBR,EUR
HG01936,PEL,AMR
HG02090,PEL,AMR
HG00242,GBR,EUR
HG01943,PEL,AMR
HG02095,ACB,AFR
HG00247,GBR,EUR
HG01948,PEL,AMR
HG02108,ACB,AFR
HG00254,GBR,EUR
HG01816,CDX,EAS
HG02273,PEL,AMR
HG00259,GBR,EUR
HG01842,KHV,EAS
HG02278,PEL,AMR
HG00261,GBR,EUR
HG01847,KHV,EAS
HG02280,ACB,AFR
HG00266,FIN,EUR
HG01859,KHV,EAS
HG02285,PEL,AMR
HG00273,FIN,EUR
HG01861,KHV,EAS
HG02292,PEL,AMR
HG00278,FIN,EUR
HG02004,PEL,AMR
HG02300,PEL,AMR
HG00379,FIN,EUR
HG02009,ACB,AFR
HG02122,KHV,EAS
HG00381,FIN,EUR
HG02011,ACB,AFR
HG02127,KHV,EAS
HG00406,CHS,EAS
HG02016,KHV,EAS
HG02134,KHV,EAS
HG00418,CHS,EAS
HG02023,KHV,EAS
HG02139,KHV,EAS
HG00420,CHS,EAS
HG02028,KHV,EAS
HG02141,KHV,EAS
HG00437,CHS,EAS
HG02030,KHV,EAS
HG02146,PEL,AMR
HG00444,CHS,EAS
HG02035,KHV,EAS
HG02235,IBS,EUR
HG00449,CHS,EAS
HG02047,KHV,EAS
HG02254,PEL,AMR
HG00451,CHS,EAS
HG02054,ACB,AFR
HG02259,PEL,AMR
HG00463,CHS,EAS
HG02059,KHV,EAS
HG02261,PEL,AMR
HG00475,CHS,EAS
HG02061,KHV,EAS
HG02266,PEL,AMR
HG00280,FIN,EUR
HG02073,KHV,EAS
HG02343,ACB,AFR
HG00285,FIN,EUR
HG02078,KHV,EAS
HG02348,PEL,AMR
HG00312,FIN,EUR
HG02080,KHV,EAS
HG02355,CDX,EAS
HG00324,FIN,EUR
HG02275,PEL,AMR
HG02367,CDX,EAS
HG00329,FIN,EUR
HG02282,ACB,AFR
HG02374,CDX,EAS
HG00331,FIN,EUR
HG02287,PEL,AMR
HG02379,CDX,EAS
HG00336,FIN,EUR
HG02299,PEL,AMR
HG02184,CDX,EAS
HG00343,FIN,EUR
HG02302,PEL,AMR
HG02189,CDX,EAS
HG00350,FIN,EUR
HG02307,ACB,AFR
HG02223,IBS,EUR
HG00355,FIN,EUR
HG02314,ACB,AFR
HG02230,IBS,EUR
HG00362,FIN,EUR
HG02321,ACB,AFR
HG02381,CDX,EAS
HG00367,FIN,EUR
HG02181,CDX,EAS
HG02386,CDX,EAS
HG00103,GBR,EUR
HG02186,CDX,EAS
HG02398,CDX,EAS
HG00108,GBR,EUR
HG02218,IBS,EUR
HG02401,CDX,EAS
HG00110,GBR,EUR
HG02220,IBS,EUR
HG02406,CDX,EAS
HG00115,GBR,EUR
HG02225,IBS,EUR
HG02312,PEL,AMR
HG00122,GBR,EUR
HG02148,PEL,AMR
HG02317,ACB,AFR
HG00127,GBR,EUR
HG02150,PEL,AMR
HG02153,CDX,EAS
HG02155,CDX,EAS
HG02165,CDX,EAS
HG02179,CDX,EAS
HG02603,PJL,SAS
HG02129,KHV,EAS
HG02610,GWD,AFR
HG02131,KHV,EAS
HG02615,GWD,AFR
HG02136,KHV,EAS
HG02622,GWD,AFR
HG02143,ACB,AFR
HG02634,GWD,AFR
HG02232,IBS,EUR
HG02646,GWD,AFR
HG02237,IBS,EUR
HG02653,PJL,SAS
HG00502,CHS,EAS
HG02256,ACB,AFR
HG02735,PJL,SAS
HG00514,CHS,EAS
HG02345,PEL,AMR
HG02759,GWD,AFR
HG00526,CHS,EAS
HG02364,CDX,EAS
HG02761,GWD,AFR
HG00533,CHS,EAS
HG02371,CDX,EAS
HG02773,GWD,AFR
HG00538,CHS,EAS
HG02085,KHV,EAS
HG02778,PJL,SAS
HG00552,PUR,AMR
HG02105,PEL,AMR
HG02780,PJL,SAS
HG00557,CHS,EAS
HG02600,PJL,SAS
HG02785,PJL,SAS
HG00583,CHS,EAS
HG02605,PJL,SAS
HG02691,PJL,SAS
HG00590,CHS,EAS
HG02612,GWD,AFR
HG02696,PJL,SAS
HG00639,PUR,AMR
HG02624,GWD,AFR
HG02704,GWD,AFR
HG00641,PUR,AMR
HG02629,GWD,AFR
HG02716,GWD,AFR
HG00653,CHS,EAS
HG02636,GWD,AFR
HG02723,GWD,AFR
HG00658,CHS,EAS
HG02643,GWD,AFR
HG02728,PJL,SAS
HG00672,CHS,EAS
HG02648,PJL,SAS
HG02557,ACB,AFR
HG00684,CHS,EAS
HG02650,PJL,SAS
HG02569,GWD,AFR
HG00689,CHS,EAS
HG02554,ACB,AFR
HG02571,GWD,AFR
HG00691,CHS,EAS
HG02559,ACB,AFR
HG02583,GWD,AFR
HG00704,CHS,EAS
HG02561,GWD,AFR
HG02588,GWD,AFR
HG00709,CHS,EAS
HG02573,GWD,AFR
HG02590,GWD,AFR
HG00716,CHS,EAS
HG02580,ACB,AFR
HG02595,GWD,AFR
HG01029,CDX,EAS
HG02585,GWD,AFR
HG02792,PJL,SAS
HG01031,CDX,EAS
HG02597,PJL,SAS
HG02800,GWD,AFR
HG01048,PUR,AMR
HG02655,PJL,SAS
HG02805,GWD,AFR
HG01050,PUR,AMR
HG02662,PJL,SAS
HG02812,GWD,AFR
HG01055,PUR,AMR
HG02667,GWD,AFR
HG02817,GWD,AFR
HG01062,PUR,AMR
HG02679,GWD,AFR
HG02836,GWD,AFR
HG01067,PUR,AMR
HG02681,PJL,SAS
HG02420,ACB,AFR
HG01074,PUR,AMR
HG02686,PJL,SAS
HG02425,PEL,AMR
HG01079,PUR,AMR
HG02465,GWD,AFR
HG02449,ACB,AFR
HG01081,PUR,AMR
HG02477,ACB,AFR
HG02451,ACB,AFR
HG01086,PUR,AMR
HG02484,ACB,AFR
HG02463,GWD,AFR
HG00728,CHS,EAS
HG02489,ACB,AFR
HG02658,PJL,SAS
HG00730,CHS,EAS
HG02491,PJL,SAS
HG02660,PJL,SAS
HG00735,PUR,AMR
HG02737,PJL,SAS
HG02677,GWD,AFR
HG00742,PUR,AMR
HG02756,GWD,AFR
HG02684,PJL,SAS
HG00759,CDX,EAS
HG02763,GWD,AFR
HG02689,PJL,SAS
HG00766,CDX,EAS
HG02768,GWD,AFR
HG02502,ACB,AFR
HG00867,CDX,EAS
HG02770,GWD,AFR
HG02514,KHV,EAS
HG00879,CDX,EAS
HG02775,PJL,SAS
HG02521,KHV,EAS
HG00881,CDX,EAS
HG02408,CDX,EAS
HG02526,KHV,EAS
HG00956,CDX,EAS
HG02410,CDX,EAS
HG02545,ACB,AFR
HG00982,CDX,EAS
HG02415,PEL,AMR
HG02470,ACB,AFR
HG01322,PUR,AMR
HG02427,ACB,AFR
HG02494,PJL,SAS
HG01327,PUR,AMR
HG02439,ACB,AFR
HG02855,GWD,AFR
HG01334,GBR,EUR
HG02496,ACB,AFR
HG02862,GWD,AFR
HG01341,CLM,AMR
HG02511,ACB,AFR
HG02879,GWD,AFR
HG01346,CLM,AMR
HG02523,KHV,EAS
HG02881,GWD,AFR
HG01353,CLM,AMR
HG02547,ACB,AFR
HG02886,GWD,AFR
HG01358,CLM,AMR
HG02383,CDX,EAS
HG02944,ESN,AFR
HG01360,CLM,AMR
HG02388,CDX,EAS
HG02982,GWD,AFR
HG01365,CLM,AMR
HG02390,CDX,EAS
HG03012,BEB,SAS
HG01149,CLM,AMR
HG02395,CDX,EAS
HG03017,PJL,SAS
HG01168,PUR,AMR
HG02698,PJL,SAS
HG03024,GWD,AFR
HG01170,PUR,AMR
HG02701,PJL,SAS
HG03029,GWD,AFR
HG01175,PUR,AMR
HG02725,PJL,SAS
HG03048,GWD,AFR
HG01182,PUR,AMR
HG02984,GWD,AFR
HG03050,GWD,AFR
HG01187,PUR,AMR
HG03007,BEB,SAS
HG03055,MSL,AFR
HG01199,PUR,AMR
HG03019,PJL,SAS
HG03062,MSL,AFR
HG01252,CLM,AMR
HG03021,PJL,SAS
HG03238,PJL,SAS
HG00595,CHS,EAS
HG03026,GWD,AFR
HG03240,GWD,AFR
HG00608,CHS,EAS
HG03033,GWD,AFR
HG03074,MSL,AFR
HG00610,CHS,EAS
HG03040,GWD,AFR
HG03079,MSL,AFR
HG00615,CHS,EAS
HG03045,GWD,AFR
HG03081,MSL,AFR
HG00622,CHS,EAS
HG02840,GWD,AFR
HG03086,MSL,AFR
HG00627,CHS,EAS
HG02852,GWD,AFR
HG03098,MSL,AFR
HG00634,CHS,EAS
HG02869,GWD,AFR
HG03101,ESN,AFR
HG01098,PUR,AMR
HG02871,GWD,AFR
HG03168,ESN,AFR
HG01101,PUR,AMR
HG02883,GWD,AFR
HG03170,ESN,AFR
HG01106,PUR,AMR
HG02888,GWD,AFR
HG03175,ESN,AFR
HG01113,CLM,AMR
HG02890,GWD,AFR
HG03194,ESN,AFR
HG01125,CLM,AMR
HG02895,GWD,AFR
HG03199,ESN,AFR
HG01137,CLM,AMR
HG02922,ESN,AFR
HG03202,ESN,AFR
HG01257,CLM,AMR
HG02939,ESN,AFR
HG03113,ESN,AFR
HG01269,CLM,AMR
HG02941,ESN,AFR
HG03118,ESN,AFR
HG01271,CLM,AMR
HG02787,PJL,SAS
HG03120,ESN,AFR
HG01276,CLM,AMR
HG02794,PJL,SAS
HG03125,ESN,AFR
HG01303,PUR,AMR
HG02799,GWD,AFR
HG03132,ESN,AFR
HG01308,PUR,AMR
HG02807,GWD,AFR
HG03137,ESN,AFR
HG01531,IBS,EUR
HG02814,GWD,AFR
HG03163,ESN,AFR
HG01536,IBS,EUR
HG02819,GWD,AFR
HG02968,ESN,AFR
HG01550,CLM,AMR
HG02821,GWD,AFR
HG02970,ESN,AFR
HG01567,PEL,AMR
HG02838,GWD,AFR
HG02975,ESN,AFR
HG01579,PEL,AMR
HG03172,ESN,AFR
HG03478,MSL,AFR
HG01586,PJL,SAS
HG03189,ESN,AFR
HG03480,MSL,AFR
HG01593,PJL,SAS
HG03191,ESN,AFR
HG03485,MSL,AFR
HG01372,CLM,AMR
HG03196,ESN,AFR
HG03492,PJL,SAS
HG01377,CLM,AMR
HG03209,MSL,AFR
HG03606,BEB,SAS
HG01384,CLM,AMR
HG03228,PJL,SAS
HG03618,PJL,SAS
HG01389,CLM,AMR
HG02946,ESN,AFR
HG03620,PJL,SAS
HG01391,CLM,AMR
HG02953,ESN,AFR
HG03625,PJL,SAS
HG01396,PUR,AMR
HG02965,ESN,AFR
HG03454,MSL,AFR
HG01404,PUR,AMR
HG02972,ESN,AFR
HG03459,MSL,AFR
HG01411,PUR,AMR
HG02977,ESN,AFR
HG03461,MSL,AFR
HG01435,CLM,AMR
HG03052,MSL,AFR
HG03466,MSL,AFR
HG01442,CLM,AMR
HG03057,MSL,AFR
HG03473,MSL,AFR
HG01447,CLM,AMR
HG03064,MSL,AFR
HG03517,ESN,AFR
HG01454,CLM,AMR
HG03069,MSL,AFR
HG03548,MSL,AFR
HG01459,CLM,AMR
HG03076,MSL,AFR
HG03567,MSL,AFR
HG01461,CLM,AMR
HG03088,MSL,AFR
HG03574,MSL,AFR
HG01466,CLM,AMR
HG03095,MSL,AFR
HG03365,ESN,AFR
HG01505,IBS,EUR
HG03103,ESN,AFR
HG03372,ESN,AFR
HG01512,IBS,EUR
HG03108,ESN,AFR
HG03384,MSL,AFR
HG01517,IBS,EUR
HG03110,ESN,AFR
HG03391,MSL,AFR
HG01524,IBS,EUR
HG03115,ESN,AFR
HG03269,ESN,AFR
HG01529,IBS,EUR
HG03122,ESN,AFR
HG03271,ESN,AFR
HG01473,CLM,AMR
HG03127,ESN,AFR
HG03295,ESN,AFR
HG01480,CLM,AMR
HG03134,ESN,AFR
HG03303,ESN,AFR
HG01485,CLM,AMR
HG03139,ESN,AFR
HG03579,MSL,AFR
HG01492,CLM,AMR
HG03158,ESN,AFR
HG03593,BEB,SAS
HG01497,CLM,AMR
HG03160,ESN,AFR
HG03598,BEB,SAS
HG01500,IBS,EUR
HG03538,GWD,AFR
HG03411,MSL,AFR
HG01618,IBS,EUR
HG03540,GWD,AFR
HG03428,MSL,AFR
HG01620,IBS,EUR
HG03557,MSL,AFR
HG03442,MSL,AFR
HG01625,IBS,EUR
HG03564,MSL,AFR
HG03308,ESN,AFR
HG01632,IBS,EUR
HG03569,MSL,AFR
HG03310,ESN,AFR
HG01668,IBS,EUR
HG03571,MSL,AFR
HG03339,ESN,AFR
HG01670,IBS,EUR
HG03576,MSL,AFR
HG03341,ESN,AFR
HG01675,IBS,EUR
HG03230,PJL,SAS
HG03699,PJL,SAS
HG01598,KHV,EAS
HG03235,PJL,SAS
HG03702,PJL,SAS
HG01601,IBS,EUR
HG03242,GWD,AFR
HG03707,PJL,SAS
HG01606,IBS,EUR
HG03247,GWD,AFR
HG03714,ITU,SAS
HG01613,IBS,EUR
HG03259,GWD,AFR
HG03719,ITU,SAS
HG01682,IBS,EUR
HG03266,ESN,AFR
HG03721,ITU,SAS
HG01687,IBS,EUR
HG03487,PJL,SAS
HG03644,STU,SAS
HG01694,IBS,EUR
HG03499,ESN,AFR
HG03649,PJL,SAS
HG01699,IBS,EUR
HG03514,ESN,AFR
HG03651,PJL,SAS
HG01702,IBS,EUR
HG03519,ESN,AFR
HG03656,PJL,SAS
HG01707,IBS,EUR
HG03521,ESN,AFR
HG03663,PJL,SAS
HG01757,IBS,EUR
HG03583,MSL,AFR
HG03668,PJL,SAS
HG01764,IBS,EUR
HG03590,BEB,SAS
HG03783,ITU,SAS
HG02003,PEL,AMR
HG03595,BEB,SAS
HG03788,ITU,SAS
HG02008,PEL,AMR
HG03603,BEB,SAS
HG03790,ITU,SAS
HG02010,ACB,AFR
HG03615,BEB,SAS
HG03795,BEB,SAS
HG02015,KHV,EAS
HG03374,ESN,AFR
HG03803,BEB,SAS
HG02027,KHV,EAS
HG03381,MSL,AFR
HG03757,STU,SAS
HG01769,IBS,EUR
HG03393,MSL,AFR
HG03769,PJL,SAS
HG01771,IBS,EUR
HG03398,MSL,AFR
HG03771,ITU,SAS
HG01776,IBS,EUR
HG03401,MSL,AFR
HG03834,BEB,SAS
HG01783,MSL,AFR
HG03312,ESN,AFR
HG03846,STU,SAS
HG01790,GBR,EUR
HG03343,ESN,AFR
HG03858,STU,SAS
HG01978,PEL,AMR
HG03350,ESN,AFR
HG03808,BEB,SAS
HG01980,PEL,AMR
HG03362,ESN,AFR
HG03815,BEB,SAS
HG01985,ACB,AFR
HG03367,ESN,AFR
HG03822,BEB,SAS
HG01992,PEL,AMR
HG03432,MSL,AFR
HG03682,STU,SAS
HG01997,PEL,AMR
HG03437,MSL,AFR
HG03687,STU,SAS
HG01889,ACB,AFR
HG03449,MSL,AFR
HG03694,STU,SAS
HG01891,ACB,AFR
HG03451,MSL,AFR
HG03733,STU,SAS
HG01896,ACB,AFR
HG03280,ESN,AFR
HG03738,STU,SAS
HG01916,ACB,AFR
HG03297,ESN,AFR
HG03740,STU,SAS
HG01923,PEL,AMR
HG03300,ESN,AFR
HG03745,STU,SAS
HG01841,KHV,EAS
HG03305,ESN,AFR
HG03752,STU,SAS
HG01846,KHV,EAS
HG03456,MSL,AFR
HG03872,ITU,SAS
HG01853,KHV,EAS
HG03468,MSL,AFR
HG03884,STU,SAS
HG01858,KHV,EAS
HG03470,MSL,AFR
HG04197,STU,SAS
HG01860,KHV,EAS
HG03812,BEB,SAS
HG04200,ITU,SAS
HG01954,PEL,AMR
HG03817,BEB,SAS
HG04212,ITU,SAS
HG01959,ACB,AFR
HG03824,BEB,SAS
HG04217,ITU,SAS
HG01961,PEL,AMR
HG03829,BEB,SAS
HG03896,STU,SAS
HG01973,PEL,AMR
HG03831,BEB,SAS
HG03904,BEB,SAS
HG01928,PEL,AMR
HG03836,STU,SAS
HG03909,BEB,SAS
HG01935,PEL,AMR
HG03704,PJL,SAS
HG03911,BEB,SAS
HG01942,PEL,AMR
HG03709,PJL,SAS
HG03916,BEB,SAS
HG01947,PEL,AMR
HG03711,STU,SAS
HG03992,STU,SAS
HG01865,KHV,EAS
HG03716,ITU,SAS
HG04003,STU,SAS
HG01872,KHV,EAS
HG03723,ITU,SAS
HG04015,ITU,SAS
HG01884,ACB,AFR
HG03730,ITU,SAS
HG04022,ITU,SAS
HG01795,CDX,EAS
HG03742,ITU,SAS
HG04161,BEB,SAS
HG01808,CDX,EAS
HG03754,STU,SAS
HG04173,BEB,SAS
HG01810,CDX,EAS
HG03761,PJL,SAS
HG04180,BEB,SAS
HG01815,CDX,EAS
HG03766,PJL,SAS
HG04185,BEB,SAS
HG02084,KHV,EAS
HG03773,ITU,SAS
HG04192,BEB,SAS
HG02089,PEL,AMR
HG03778,ITU,SAS
HG04135,BEB,SAS
HG02091,PEL,AMR
HG03780,ITU,SAS
HG04142,BEB,SAS
HG02104,PEL,AMR
HG03785,ITU,SAS
HG04147,BEB,SAS
HG02111,ACB,AFR
HG03792,ITU,SAS
HG04159,BEB,SAS
HG02116,KHV,EAS
HG03797,BEB,SAS
HG03928,BEB,SAS
HG02274,PEL,AMR
HG03800,BEB,SAS
HG03930,BEB,SAS
HG02279,PEL,AMR
HG03805,BEB,SAS
HG03942,BEB,SAS
HG02281,ACB,AFR
HG03646,STU,SAS
HG04039,STU,SAS
HG02286,PEL,AMR
HG03653,PJL,SAS
HG04053,ITU,SAS
HG02293,PEL,AMR
HG03660,PJL,SAS
HG04058,ITU,SAS
HG02298,PEL,AMR
HG03672,STU,SAS
HG04060,ITU,SAS
HG02236,IBS,EUR
HG03684,STU,SAS
HG03947,STU,SAS
HG02250,CDX,EAS
HG03689,STU,SAS
HG03973,ITU,SAS
HG02255,ACB,AFR
HG03691,STU,SAS
HG03978,ITU,SAS
HG02262,PEL,AMR
HG03696,STU,SAS
HG03985,STU,SAS
HG02267,PEL,AMR
HG03634,PJL,SAS
HG04096,ITU,SAS
HG02147,PEL,AMR
HG03639,PJL,SAS
HG04128,BEB,SAS
HG02154,CDX,EAS
HG03641,PJL,SAS
NA18606,CHB,EAS
HG02166,CDX,EAS
HG03848,STU,SAS
NA18613,CHB,EAS
HG02173,CDX,EAS
HG03850,STU,SAS
NA18618,CHB,EAS
HG02178,CDX,EAS
HG03862,ITU,SAS
NA18620,CHB,EAS
HG02180,CDX,EAS
HG03867,ITU,SAS
NA18625,CHB,EAS
HG02185,CDX,EAS
HG04036,STU,SAS
NA18632,CHB,EAS
HG02217,IBS,EUR
HG04050,ITU,SAS
NA18637,CHB,EAS
HG02224,IBS,EUR
HG04055,ITU,SAS
NA18644,CHB,EAS
HG02229,IBS,EUR
HG04062,ITU,SAS
NA18740,CHB,EAS
HG02231,IBS,EUR
HG04067,STU,SAS
NA18745,CHB,EAS
HG02301,PEL,AMR
HG04093,ITU,SAS
NA18757,CHB,EAS
HG02318,ACB,AFR
HG04098,ITU,SAS
NA18795,CHB,EAS
HG02325,ACB,AFR
HG04106,STU,SAS
NA18853,YRI,AFR
HG02332,ACB,AFR
HG04118,ITU,SAS
NA18858,YRI,AFR
HG02337,ACB,AFR
HG04132,BEB,SAS
NA18860,YRI,AFR
HG02046,KHV,EAS
HG04175,BEB,SAS
NA12766,CEU,EUR
HG02053,ACB,AFR
HG04182,BEB,SAS
NA12778,CEU,EUR
HG02058,KHV,EAS
HG04187,BEB,SAS
NA12812,CEU,EUR
HG02060,KHV,EAS
HG04194,BEB,SAS
NA12817,CEU,EUR
HG02128,KHV,EAS
HG04199,STU,SAS
NA12829,CEU,EUR
HG02130,KHV,EAS
HG03925,BEB,SAS
NA12843,CEU,EUR
HG02135,KHV,EAS
HG03937,BEB,SAS
NA12874,CEU,EUR
HG02142,KHV,EAS
HG03944,STU,SAS
NA18485,YRI,AFR
HG02072,KHV,EAS
HG03949,STU,SAS
NA18497,YRI,AFR
HG02077,KHV,EAS
HG03999,STU,SAS
NA18500,YRI,AFR
HG02604,PJL,SAS
HG04017,ITU,SAS
NA18505,YRI,AFR
HG02611,GWD,AFR
HG04024,ITU,SAS
NA18517,YRI,AFR
HG02623,GWD,AFR
HG04029,STU,SAS
NA18531,CHB,EAS
HG02628,GWD,AFR
HG03874,ITU,SAS
NA18536,CHB,EAS
HG02630,GWD,AFR
HG03879,ITU,SAS
NA18543,CHB,EAS
HG02635,GWD,AFR
HG03886,STU,SAS
NA18548,CHB,EAS
HG02642,GWD,AFR
HG03898,STU,SAS
NA18550,CHB,EAS
HG02647,GWD,AFR
HG04144,BEB,SAS
NA18555,CHB,EAS
HG02654,PJL,SAS
HG04149,BEB,SAS
NA18562,CHB,EAS
HG02659,PJL,SAS
HG04151,BEB,SAS
NA18567,CHB,EAS
HG02661,PJL,SAS
HG04156,BEB,SAS
NA18574,CHB,EAS
HG02666,GWD,AFR
HG03901,BEB,SAS
NA18579,CHB,EAS
HG02678,GWD,AFR
HG03906,BEB,SAS
NA18593,CHB,EAS
HG02680,GWD,AFR
HG03913,BEB,SAS
NA12273,CEU,EUR
HG02685,PJL,SAS
HG03920,BEB,SAS
NA12329,CEU,EUR
HG02692,PJL,SAS
HG03951,STU,SAS
NA12336,CEU,EUR
HG02697,PJL,SAS
HG03963,ITU,SAS
NA12343,CEU,EUR
HG02700,PJL,SAS
HG03968,ITU,SAS
NA12348,CEU,EUR
HG02717,GWD,AFR
HG03982,STU,SAS
NA12386,CEU,EUR
HG02724,PJL,SAS
NA18521,YRI,AFR
NA12413,CEU,EUR
HG02729,PJL,SAS
NA18526,CHB,EAS
NA12716,CEU,EUR
HG02731,PJL,SAS
NA18533,CHB,EAS
NA12761,CEU,EUR
HG02464,GWD,AFR
NA18538,CHB,EAS
NA18865,YRI,AFR
HG02471,ACB,AFR
NA18545,CHB,EAS
NA18872,YRI,AFR
HG02476,ACB,AFR
NA18552,CHB,EAS
NA18877,YRI,AFR
HG02490,PJL,SAS
NA18557,CHB,EAS
NA18909,YRI,AFR
HG02495,PJL,SAS
NA18564,CHB,EAS
NA18911,YRI,AFR
HG02558,ACB,AFR
NA18571,CHB,EAS
NA18916,YRI,AFR
HG02572,GWD,AFR
NA18576,CHB,EAS
NA18923,YRI,AFR
HG02577,ACB,AFR
NA18595,CHB,EAS
NA18930,YRI,AFR
HG02584,GWD,AFR
NA18603,CHB,EAS
NA18935,YRI,AFR
HG02589,GWD,AFR
NA18608,CHB,EAS
NA18942,JPT,EAS
HG02596,GWD,AFR
NA18610,CHB,EAS
NA18947,JPT,EAS
HG02344,PEL,AMR
NA18615,CHB,EAS
NA18954,JPT,EAS
HG02351,CDX,EAS
NA18622,CHB,EAS
NA18959,JPT,EAS
HG02356,CDX,EAS
NA18627,CHB,EAS
NA18961,JPT,EAS
HG02363,CDX,EAS
NA10863,CEU,EUR
NA18966,JPT,EAS
HG02375,CDX,EAS
NA11830,CEU,EUR
NA18973,JPT,EAS
HG02508,ACB,AFR
NA11892,CEU,EUR
NA18978,JPT,EAS
HG02522,KHV,EAS
NA11917,CEU,EUR
NA18980,JPT,EAS
HG02541,ACB,AFR
NA11931,CEU,EUR
NA18985,JPT,EAS
HG02546,ACB,AFR
NA11993,CEU,EUR
NA18992,JPT,EAS
HG02382,CDX,EAS
NA12004,CEU,EUR
NA18997,JPT,EAS
HG02387,CDX,EAS
NA12155,CEU,EUR
NA19003,JPT,EAS
HG02394,CDX,EAS
NA12249,CEU,EUR
NA19010,JPT,EAS
HG02399,CDX,EAS
NA12275,CEU,EUR
HG04229,STU,SAS
HG02402,CDX,EAS
NA12282,CEU,EUR
HG04301,GBR,EUR
HG02407,CDX,EAS
NA12287,CEU,EUR
NA06985,CEU,EUR
HG02419,ACB,AFR
NA12340,CEU,EUR
NA06997,CEU,EUR
HG02433,ACB,AFR
NA12376,CEU,EUR
NA07022,CEU,EUR
HG02445,ACB,AFR
NA12383,CEU,EUR
NA07034,CEU,EUR
HG02786,PJL,SAS
NA12489,CEU,EUR
NA10859,CEU,EUR
HG02793,PJL,SAS
NA12718,CEU,EUR
NA10861,CEU,EUR
HG02798,GWD,AFR
NA12749,CEU,EUR
NA11840,CEU,EUR
HG02806,GWD,AFR
NA12751,CEU,EUR
NA12045,CEU,EUR
HG02813,GWD,AFR
NA12763,CEU,EUR
NA12057,CEU,EUR
HG02818,GWD,AFR
NA12775,CEU,EUR
NA12146,CEU,EUR
HG02820,GWD,AFR
NA12802,CEU,EUR
NA07349,CEU,EUR
HG02837,GWD,AFR
NA12814,CEU,EUR
NA10830,CEU,EUR
HG02851,GWD,AFR
HG04303,GBR,EUR
NA10835,CEU,EUR
HG02983,GWD,AFR
NA06994,CEU,EUR
NA10842,CEU,EUR
HG03006,BEB,SAS
NA07000,CEU,EUR
NA10847,CEU,EUR
HG03018,PJL,SAS
NA07029,CEU,EUR
NA10854,CEU,EUR
HG03025,GWD,AFR
NA07031,CEU,EUR
NA19027,LWK,AFR
HG02856,GWD,AFR
NA07048,CEU,EUR
NA19041,LWK,AFR
HG02870,GWD,AFR
NA07055,CEU,EUR
NA19046,LWK,AFR
HG02882,GWD,AFR
NA07346,CEU,EUR
NA19058,JPT,EAS
HG02887,GWD,AFR
NA07435,CEU,EUR
NA19060,JPT,EAS
HG02938,ESN,AFR
NA12864,CEU,EUR
NA19065,JPT,EAS
HG02945,ESN,AFR
NA12890,CEU,EUR
NA19072,JPT,EAS
HG02736,PJL,SAS
NA18487,YRI,AFR
NA19077,JPT,EAS
HG02762,GWD,AFR
NA18499,YRI,AFR
NA19084,JPT,EAS
HG02774,PJL,SAS
NA18502,YRI,AFR
NA19089,JPT,EAS
HG02779,PJL,SAS
NA18507,YRI,AFR
NA19091,JPT,EAS
HG02781,PJL,SAS
NA18519,YRI,AFR
NA19705,ASW,AFR
HG03049,GWD,AFR
NA18634,CHB,EAS
NA19712,ASW,AFR
HG03056,MSL,AFR
NA18639,CHB,EAS
NA19717,MXL,AMR
HG03063,MSL,AFR
NA18641,CHB,EAS
NA19724,MXL,AMR
HG03107,ESN,AFR
NA18646,CHB,EAS
NA19729,MXL,AMR
HG03114,ESN,AFR
NA18747,CHB,EAS
NA19731,MXL,AMR
HG03119,ESN,AFR
NA18855,YRI,AFR
NA19748,MXL,AMR
HG03121,ESN,AFR
NA18862,YRI,AFR
NA19750,MXL,AMR
HG03126,ESN,AFR
NA18867,YRI,AFR
NA19755,MXL,AMR
HG02952,ESN,AFR
NA18874,YRI,AFR
NA19762,MXL,AMR
HG02964,ESN,AFR
NA18879,YRI,AFR
NA19147,YRI,AFR
HG02969,ESN,AFR
NA18881,YRI,AFR
NA19154,YRI,AFR
HG02971,ESN,AFR
NA18906,YRI,AFR
NA19159,YRI,AFR
HG02976,ESN,AFR
NA18913,YRI,AFR
NA19161,YRI,AFR
HG03133,ESN,AFR
NA18925,YRI,AFR
NA19166,YRI,AFR
HG03140,ESN,AFR
NA18944,JPT,EAS
NA19173,YRI,AFR
HG03157,ESN,AFR
NA18949,JPT,EAS
NA19185,YRI,AFR
HG03164,ESN,AFR
NA18951,JPT,EAS
NA19197,YRI,AFR
HG03082,MSL,AFR
NA18956,JPT,EAS
NA19200,YRI,AFR
HG03099,ESN,AFR
NA18963,JPT,EAS
NA19205,YRI,AFR
HG03234,PJL,SAS
NA10837,CEU,EUR
NA19471,LWK,AFR
HG03239,PJL,SAS
NA10851,CEU,EUR
NA19654,MXL,AMR
HG03241,GWD,AFR
NA10856,CEU,EUR
NA19659,MXL,AMR
HG03246,GWD,AFR
HG04202,ITU,SAS
NA19661,MXL,AMR
HG03258,GWD,AFR
HG04214,ITU,SAS
NA19678,MXL,AMR
HG03260,GWD,AFR
HG04219,ITU,SAS
NA19680,MXL,AMR
HG03265,ESN,AFR
HG04238,ITU,SAS
NA19685,MXL,AMR
HG03518,ESN,AFR
NA19199,YRI,AFR
NA19700,ASW,AFR
HG03520,ESN,AFR
NA19202,YRI,AFR
NA19375,LWK,AFR
HG03549,MSL,AFR
NA19207,YRI,AFR
NA19382,LWK,AFR
HG03556,MSL,AFR
NA19214,YRI,AFR
NA19394,LWK,AFR
HG03563,MSL,AFR
NA19221,YRI,AFR
NA19399,LWK,AFR
HG03474,MSL,AFR
NA19226,YRI,AFR
NA19438,LWK,AFR
HG03479,MSL,AFR
NA19238,YRI,AFR
NA19440,LWK,AFR
HG03486,MSL,AFR
NA19240,YRI,AFR
NA19445,LWK,AFR
HG03493,ESN,AFR
NA19252,YRI,AFR
NA19452,LWK,AFR
HG03513,ESN,AFR
NA19257,YRI,AFR
NA19457,LWK,AFR
HG03366,ESN,AFR
NA19308,LWK,AFR
NA19469,LWK,AFR
HG03373,ESN,AFR
NA19310,LWK,AFR
NA19224,YRI,AFR
HG03378,MSL,AFR
NA19031,LWK,AFR
NA19236,YRI,AFR
HG03380,MSL,AFR
NA19036,LWK,AFR
NA19248,YRI,AFR
HG03385,MSL,AFR
NA19043,LWK,AFR
NA19313,LWK,AFR
HG03169,ESN,AFR
NA19055,JPT,EAS
NA19318,LWK,AFR
HG03171,ESN,AFR
NA19062,JPT,EAS
NA19320,LWK,AFR
HG03176,ESN,AFR
NA19067,JPT,EAS
NA19332,LWK,AFR
HG03190,ESN,AFR
NA19074,JPT,EAS
NA19351,LWK,AFR
HG03195,ESN,AFR
NA19079,JPT,EAS
NA19914,ASW,AFR
HG03203,ESN,AFR
NA19081,JPT,EAS
NA19919,ASW,AFR
HG03309,ESN,AFR
NA19086,JPT,EAS
NA19921,ASW,AFR
HG03311,ESN,AFR
NA19093,YRI,AFR
NA19983,ASW,AFR
HG03342,ESN,AFR
NA19098,YRI,AFR
NA20276,ASW,AFR
HG03354,ESN,AFR
NA19101,YRI,AFR
NA20288,ASW,AFR
HG03361,ESN,AFR
NA19315,LWK,AFR
NA20290,ASW,AFR
HG03272,ESN,AFR
NA19327,LWK,AFR
NA20295,ASW,AFR
HG03291,ESN,AFR
NA19334,LWK,AFR
NA19096,YRI,AFR
HG03296,ESN,AFR
NA19346,LWK,AFR
NA19104,YRI,AFR
HG03304,ESN,AFR
NA19360,LWK,AFR
NA19109,YRI,AFR
HG03397,MSL,AFR
NA19372,LWK,AFR
NA19116,YRI,AFR
HG03431,MSL,AFR
NA19377,LWK,AFR
NA19123,YRI,AFR
HG03436,MSL,AFR
NA19384,LWK,AFR
NA19128,YRI,AFR
HG03450,MSL,AFR
NA19391,LWK,AFR
NA19130,YRI,AFR
HG03455,MSL,AFR
NA19396,LWK,AFR
NA19142,YRI,AFR
HG03462,MSL,AFR
NA19404,LWK,AFR
NA19774,MXL,AMR
HG03607,BEB,SAS
NA19428,LWK,AFR
NA19779,MXL,AMR
HG03619,PJL,SAS
NA19430,LWK,AFR
NA19781,MXL,AMR
HG03621,PJL,SAS
NA19435,LWK,AFR
NA19786,MXL,AMR
HG03626,PJL,SAS
NA19454,LWK,AFR
NA19798,MXL,AMR
HG03633,PJL,SAS
NA19461,LWK,AFR
NA19818,ASW,AFR
HG03638,PJL,SAS
NA19466,LWK,AFR
NA19902,ASW,AFR
HG03575,MSL,AFR
NA19473,LWK,AFR
NA20358,ASW,AFR
HG03582,MSL,AFR
NA19625,ASW,AFR
NA20360,ASW,AFR
HG03587,BEB,SAS
NA19649,MXL,AMR
NA20505,TSI,EUR
HG03594,BEB,SAS
NA19651,MXL,AMR
NA20512,TSI,EUR
HG03599,BEB,SAS
NA19656,MXL,AMR
NA20517,TSI,EUR
HG03602,BEB,SAS
NA19663,MXL,AMR
NA20524,TSI,EUR
HG03683,STU,SAS
NA19670,MXL,AMR
NA20529,TSI,EUR
HG03688,STU,SAS
NA19675,MXL,AMR
NA20531,TSI,EUR
HG03690,STU,SAS
NA18968,JPT,EAS
NA20536,TSI,EUR
HG03695,STU,SAS
NA18970,JPT,EAS
NA20543,TSI,EUR
HG03640,PJL,SAS
NA18975,JPT,EAS
NA20581,TSI,EUR
HG03645,STU,SAS
NA18982,JPT,EAS
NA20586,TSI,EUR
HG03652,PJL,SAS
NA18987,JPT,EAS
NA20752,TSI,EUR
HG03657,PJL,SAS
NA18994,JPT,EAS
NA20757,TSI,EUR
HG03669,PJL,SAS
NA18999,JPT,EAS
NA20764,TSI,EUR
HG03722,ITU,SAS
NA19000,JPT,EAS
NA20769,TSI,EUR
HG03727,ITU,SAS
NA19005,JPT,EAS
NA20771,TSI,EUR
HG03741,STU,SAS
NA19012,JPT,EAS
NA20783,TSI,EUR
HG03746,STU,SAS
NA19017,LWK,AFR
NA20790,TSI,EUR
HG03753,STU,SAS
NA19024,LWK,AFR
NA20795,TSI,EUR
HG03703,PJL,SAS
NA19682,MXL,AMR
NA20803,TSI,EUR
HG03708,PJL,SAS
NA19702,ASW,AFR
NA20808,TSI,EUR
HG03710,PJL,SAS
NA19707,ASW,AFR
NA20810,TSI,EUR
HG03715,ITU,SAS
NA19714,ASW,AFR
NA20815,TSI,EUR
HG03760,STU,SAS
NA19719,MXL,AMR
NA20822,TSI,EUR
HG03765,PJL,SAS
NA19721,MXL,AMR
NA21135,GIH,SAS
HG03772,ITU,SAS
NA19726,MXL,AMR
NA21142,GIH,SAS
HG03777,ITU,SAS
NA19733,MXL,AMR
SC_GMJOL5309890,GWJ,AFR
HG03809,BEB,SAS
NA19738,MXL,AMR
SC_GMJOL5309922,GWJ,AFR
HG03811,BEB,SAS
NA19740,MXL,AMR
NA20322,ASW,AFR
HG03816,BEB,SAS
NA19113,YRI,AFR
NA20334,ASW,AFR
HG03823,BEB,SAS
NA19118,YRI,AFR
NA20339,ASW,AFR
HG03830,BEB,SAS
NA19120,YRI,AFR
NA20341,ASW,AFR
HG03784,ITU,SAS
NA19132,YRI,AFR
NA20346,ASW,AFR
HG03789,ITU,SAS
NA19137,YRI,AFR
NA20891,GIH,SAS
HG03796,BEB,SAS
NA19144,YRI,AFR
NA20896,GIH,SAS
HG03804,BEB,SAS
NA19149,YRI,AFR
NA20904,GIH,SAS
HG03948,STU,SAS
NA19151,YRI,AFR
NA20909,GIH,SAS
HG03950,STU,SAS
NA19175,YRI,AFR
NA20911,GIH,SAS
HG03955,STU,SAS
NA19752,MXL,AMR
NA21109,GIH,SAS
HG03967,ITU,SAS
NA19757,MXL,AMR
NA21111,GIH,SAS
HG03974,ITU,SAS
NA19764,MXL,AMR
NA21116,GIH,SAS
HG03835,STU,SAS
NA19771,MXL,AMR
NA21123,GIH,SAS
HG03842,STU,SAS
NA19776,MXL,AMR
NA21128,GIH,SAS
HG03847,STU,SAS
NA19783,MXL,AMR
NA21130,GIH,SAS
HG03854,STU,SAS
NA19788,MXL,AMR
NA20827,TSI,EUR
HG03861,ITU,SAS
NA19790,MXL,AMR
NA20846,GIH,SAS
HG03924,BEB,SAS
NA19795,MXL,AMR
NA20853,GIH,SAS
HG03929,BEB,SAS
NA19834,ASW,AFR
NA20858,GIH,SAS
HG03931,BEB,SAS
NA19904,ASW,AFR
NA20872,GIH,SAS
HG03943,STU,SAS
NA19909,ASW,AFR
NA20877,GIH,SAS
HG03897,STU,SAS
NA19916,ASW,AFR
NA20884,GIH,SAS
HG03900,STU,SAS
NA19923,ASW,AFR
NA20889,GIH,SAS
HG03905,BEB,SAS
NA19985,ASW,AFR
NA21089,GIH,SAS
HG03917,BEB,SAS
NA20127,ASW,AFR
NA21091,GIH,SAS
HG04035,STU,SAS
NA20278,ASW,AFR
NA21104,GIH,SAS
HG04042,STU,SAS
NA20526,TSI,EUR
SC_GMFUL5306362,GWF,AFR
HG04047,STU,SAS
NA20533,TSI,EUR
SC_GMJOL5309939,GWJ,AFR
HG04054,ITU,SAS
NA20538,TSI,EUR
SC_GMFUL5306418,GWF,AFR
HG04059,ITU,SAS
NA20540,TSI,EUR
SC_GMFUL5306413,GWF,AFR
HG04061,ITU,SAS
NA20588,TSI,EUR
SC_GMFUL5309722,GWF,AFR
HG04080,ITU,SAS
NA20754,TSI,EUR
SC_GMFUL5306374,GWF,AFR
HG04100,STU,SAS
NA20759,TSI,EUR
SC_GMFUL5306398,GWF,AFR
HG04131,BEB,SAS
NA20761,TSI,EUR
SC_GMFUL5306406,GWF,AFR
HG04136,BEB,SAS
NA20766,TSI,EUR
SC_GMJOL5309941,GWJ,AFR
HG04148,BEB,SAS
NA20773,TSI,EUR
SC_GMJOL5309965,GWJ,AFR
HG04150,BEB,SAS
NA20778,TSI,EUR
SC_GMJOL5309934,GWJ,AFR
HG04155,BEB,SAS
NA20785,TSI,EUR
SC_GMJOL5309958,GWJ,AFR
HG03866,ITU,SAS
NA20343,ASW,AFR
SC_GMJOL5309895,GWJ,AFR
HG03873,ITU,SAS
NA20348,ASW,AFR
SC_GMJOL5309903,GWJ,AFR
HG03885,STU,SAS
NA20350,ASW,AFR
SC_GMJOL5309927,GWJ,AFR
HG03986,STU,SAS
NA20355,ASW,AFR
SC_GMJOL5309852,GWJ,AFR
HG03998,STU,SAS
NA20362,ASW,AFR
SC_GMJOL5309876,GWJ,AFR
HG04023,ITU,SAS
NA20413,ASW,AFR
SC_GMJOL5309821,GWJ,AFR
NA18599,CHB,EAS
NA20502,TSI,EUR
SC_GMWOF5428762,GWW,AFR
NA18602,CHB,EAS
NA20507,TSI,EUR
SC_GMWOF5428731,GWW,AFR
NA18614,CHB,EAS
NA20514,TSI,EUR
SC_GMWOF5428755,GWW,AFR
NA18619,CHB,EAS
NA20519,TSI,EUR
SC_GMJOL5309953,GWJ,AFR
NA18621,CHB,EAS
NA20521,TSI,EUR
SC_GMJOL5309977,GWJ,AFR
NA18626,CHB,EAS
NA20792,TSI,EUR
SC_GMJOL5309819,GWJ,AFR
NA18633,CHB,EAS
NA20797,TSI,EUR
SC_GMJOL5309883,GWJ,AFR
NA18638,CHB,EAS
NA20800,TSI,EUR
SC_GMFUL5306432,GWF,AFR
NA18640,CHB,EAS
NA20805,TSI,EUR
SC_GMFUL5306348,GWF,AFR
NA18645,CHB,EAS
NA20812,TSI,EUR
SC_GMFUL5309789,GWF,AFR
NA18791,CHB,EAS
NA20829,TSI,EUR
SC_GMFUL5309710,GWF,AFR
NA18854,YRI,AFR
NA20831,TSI,EUR
SC_GMFUL5309703,GWF,AFR
NA18859,YRI,AFR
NA20850,GIH,SAS
SC_GMFUL5306420,GWF,AFR
NA18861,YRI,AFR
NA21125,GIH,SAS
SC_GMJOL5309972,GWJ,AFR
NA12248,CEU,EUR
NA21137,GIH,SAS
SC_GMFUL5306343,GWF,AFR
NA12274,CEU,EUR
NA21144,GIH,SAS
SC_GMFUL5306367,GWF,AFR
NA12286,CEU,EUR
SC_GMJOL5309898,GWJ,AFR
SC_GMFUL5306355,GWF,AFR
NA12344,CEU,EUR
SC_GMJOL5309906,GWJ,AFR
SC_GMFUL5309708,GWF,AFR
NA12375,CEU,EUR
NA20285,ASW,AFR
SC_GMFUL5306379,GWF,AFR
NA12399,CEU,EUR
NA20292,ASW,AFR
SC_GMFUL5309741,GWF,AFR
NA12414,CEU,EUR
NA20297,ASW,AFR
SC_GMJOL5309960,GWJ,AFR
NA12546,CEU,EUR
NA20300,ASW,AFR
SC_GMJOL5309984,GWJ,AFR
NA12717,CEU,EUR
NA20312,ASW,AFR
SC_GMMAN5482316,GWD,AFR
NA12748,CEU,EUR
NA20317,ASW,AFR
SC_GMMAN5482309,GWD,AFR
NA12750,CEU,EUR
NA20336,ASW,AFR
NA18524,CHB,EAS
NA12762,CEU,EUR
NA20862,GIH,SAS
NA18529,CHB,EAS
NA18506,YRI,AFR
NA20867,GIH,SAS
HGDP00001,,
NA18518,YRI,AFR
NA20874,GIH,SAS
SC_GMWOF5428724,GWW,AFR
NA18520,YRI,AFR
NA20879,GIH,SAS
SC_GMWOF5428748,GWW,AFR
NA18525,CHB,EAS
NA20881,GIH,SAS
SC_GMWOF5428736,GWW,AFR
NA18532,CHB,EAS
NA20886,GIH,SAS
SC_GMWOF5428705,GWW,AFR
NA18537,CHB,EAS
NA20893,GIH,SAS
SC_GMWOF5428729,GWW,AFR
NA18544,CHB,EAS
NA20898,GIH,SAS
SC_GMWOF5428786,GWW,AFR
NA18549,CHB,EAS
NA20901,GIH,SAS
SC_GMWOF5428818,GWW,AFR
NA18563,CHB,EAS
NA20906,GIH,SAS
SC_GMMAN5482234,GWD,AFR
NA18570,CHB,EAS
NA21086,GIH,SAS
SC_GMMAN5482171,GWD,AFR
NA18582,CHB,EAS
NA21093,GIH,SAS
SC_GMMAN5482241,GWD,AFR
NA12767,CEU,EUR
NA21098,GIH,SAS
SC_GMMAN5482195,GWD,AFR
NA12801,CEU,EUR
NA21101,GIH,SAS
SC_GMMAN5482203,GWD,AFR
NA12813,CEU,EUR
NA21106,GIH,SAS
SC_GMMAN5482227,GWD,AFR
NA12818,CEU,EUR
NA21113,GIH,SAS
SC_GMMAN5482258,GWD,AFR
NA12832,CEU,EUR
NA21118,GIH,SAS
SC_GMMAN5482291,GWD,AFR
NA12875,CEU,EUR
NA21120,GIH,SAS
SC_GMMAN5482323,GWD,AFR
NA18486,YRI,AFR
SC_GMFUL5309718,GWF,AFR
SC_GMMAN5482260,GWD,AFR
NA18498,YRI,AFR
SC_GMFUL5306377,GWF,AFR
SC_GMMAN5482284,GWD,AFR
NA18501,YRI,AFR
SC_GMFUL5306396,GWF,AFR
SC_GMWOF5428863,GWW,AFR
NA10855,CEU,EUR
SC_GMFUL5306404,GWF,AFR
SC_GMWOF5428832,GWW,AFR
NA11839,CEU,EUR
SC_GMFUL5306428,GWF,AFR
SC_GMWOF5428825,GWW,AFR
NA11891,CEU,EUR
SC_GMFUL5306341,GWF,AFR
SC_GMWOF5428849,GWW,AFR
NA11930,CEU,EUR
SC_GMJOL5309963,GWJ,AFR
SC_GMWOF5428882,GWW,AFR
NA11992,CEU,EUR
SC_GMFUL5306360,GWF,AFR
SC_GMMAN5482239,GWD,AFR
NA12003,CEU,EUR
SC_GMFUL5309763,GWF,AFR
SC_GMMAN5482176,GWD,AFR
NA12046,CEU,EUR
SC_GMFUL5306339,GWF,AFR
SC_GMMAN5482208,GWD,AFR
NA12058,CEU,EUR
SC_GMFUL5309756,GWF,AFR
SC_GMMAN5482169,GWD,AFR
NA12154,CEU,EUR
SC_GMFUL5309701,GWF,AFR
SC_GMWOF5428820,GWW,AFR
NA07345,CEU,EUR
SC_GMJOL5309951,GWJ,AFR
SC_GMWOF5428813,GWW,AFR
NA07357,CEU,EUR
SC_GMJOL5309975,GWJ,AFR
SC_GMWOF5428798,GWW,AFR
NA10831,CEU,EUR
SC_GMJOL5309920,GWJ,AFR
SC_GMWOF5428806,GWW,AFR
NA10836,CEU,EUR
SC_GMJOL5309944,GWJ,AFR
SC_GMMAN5482164,GWD,AFR
NA10843,CEU,EUR
SC_GMJOL5309968,GWJ,AFR
SC_GMMAN5482215,GWD,AFR
NA10850,CEU,EUR
SC_GMJOL5309812,GWJ,AFR
SC_GMWOF5428851,GWW,AFR
HG04302,GBR,EUR
SC_GMJOL5309836,GWJ,AFR
SC_GMWOF5428875,GWW,AFR
NA06986,CEU,EUR
SC_GMJOL5309797,GWJ,AFR
HGDP00392,,
NA06993,CEU,EUR
SC_GMJOL5309805,GWJ,AFR
HGDP00397,,
NA07340,CEU,EUR
SC_GMJOL5309829,GWJ,AFR
HGDP00412,,
HG04162,BEB,SAS
SC_GMJOL5309956,GWJ,AFR
HGDP00417,,
HG04174,BEB,SAS
SC_GMJOL5309925,GWJ,AFR
HGDP00450,,
HG04181,BEB,SAS
SC_GMJOL5309949,GWJ,AFR
HGDP00455,,
HG04186,BEB,SAS
SC_GMJOL5309918,GWJ,AFR
HGDP00462,,
HG04193,BEB,SAS
SC_GMJOL5309982,GWJ,AFR
HGDP00467,,
HG04198,ITU,SAS
SC_GMFUL5309725,GWF,AFR
HGDP00479,,
HG04206,ITU,SAS
SC_GMFUL5306416,GWF,AFR
HGDP00513,,
HG04225,ITU,SAS
SC_GMFUL5306411,GWF,AFR
HGDP00518,,
NA19023,LWK,AFR
SC_GMFUL5306353,GWF,AFR
HGDP00234,,
NA19028,LWK,AFR
SC_GMJOL5309913,GWJ,AFR
HGDP00239,,
NA19030,LWK,AFR
SC_GMJOL5309937,GWJ,AFR
HGDP00241,,
NA19035,LWK,AFR
SC_GMJOL5309843,GWJ,AFR
HGDP00258,,
NA19042,LWK,AFR
SC_GMJOL5309867,GWJ,AFR
HGDP00277,,
NA19054,JPT,EAS
SC_GMFUL5306391,GWF,AFR
HGDP00304,,
NA19059,JPT,EAS
SC_GMFUL5306423,GWF,AFR
HGDP00309,,
NA19066,JPT,EAS
SC_GMFUL5306346,GWF,AFR
HGDP00311,,
NA19078,JPT,EAS
SC_GMFUL5306389,GWF,AFR
HGDP00323,,
NA19080,JPT,EAS
SC_GMMAN5482332,GWD,AFR
HGDP00330,,
NA19085,JPT,EAS
SC_GMMAN5482293,GWD,AFR
HGDP00359,,
NA19092,YRI,AFR
SC_GMMAN5482301,GWD,AFR
HGDP00068,,
NA19472,LWK,AFR
NA18540,CHB,EAS
HGDP00070,,
NA19648,MXL,AMR
HGDP00003,,
HGDP00082,,
NA19650,MXL,AMR
SC_GMMAN5482243,GWD,AFR
HGDP00094,,
NA19655,MXL,AMR
SC_GMMAN5482180,GWD,AFR
HGDP00099,,
NA19662,MXL,AMR
SC_GMMAN5482212,GWD,AFR
HGDP00102,,
NA19674,MXL,AMR
SC_GMMAN5482236,GWD,AFR
HGDP00013,,
NA19679,MXL,AMR
SC_GMMAN5482173,GWD,AFR
HGDP00025,,
NA19681,MXL,AMR
SC_GMMAN5482197,GWD,AFR
HGDP00037,,
NA19686,MXL,AMR
SC_GMMAN5482205,GWD,AFR
HGDP00049,,
NA19701,ASW,AFR
SC_GMMAN5482229,GWD,AFR
HGDP00056,,
NA19352,LWK,AFR
SC_GMMAN5482231,GWD,AFR
HGDP00183,,
NA19371,LWK,AFR
SC_GMMAN5482255,GWD,AFR
HGDP00210,,
NA19376,LWK,AFR
SC_GMMAN5482192,GWD,AFR
HGDP00222,,
NA19383,LWK,AFR
SC_GMMAN5482200,GWD,AFR
HGDP00140,,
NA19390,LWK,AFR
SC_GMMAN5482224,GWD,AFR
HGDP00145,,
NA19395,LWK,AFR
SC_GMMAN5482248,GWD,AFR
HGDP00169,,
NA19403,LWK,AFR
SC_GMWOF5428859,GWW,AFR
HGDP00171,,
NA19434,LWK,AFR
SC_GMWOF5428796,GWW,AFR
HGDP00119,,
NA19439,LWK,AFR
SC_GMWOF5428804,GWW,AFR
HGDP00121,,
NA19446,LWK,AFR
SC_GMWOF5428828,GWW,AFR
HGDP00133,,
NA19453,LWK,AFR
SC_GMWOF5428789,GWW,AFR
HGDP00549,,
NA18948,JPT,EAS
SC_GMWOF5428861,GWW,AFR
HGDP00551,,
NA18950,JPT,EAS
SC_GMMAN5482185,GWD,AFR
HGDP00556,,
NA18955,JPT,EAS
SC_GMMAN5482217,GWD,AFR
HGDP00563,,
NA18962,JPT,EAS
SC_GMMAN5482274,GWD,AFR
HGDP00568,,
NA18967,JPT,EAS
SC_GMMAN5482298,GWD,AFR
HGDP00683,,
NA18974,JPT,EAS
SC_GMMAN5482306,GWD,AFR
HGDP00688,,
NA18979,JPT,EAS
SC_GMWOF5428830,GWW,AFR
HGDP00690,,
NA18981,JPT,EAS
SC_GMWOF5428854,GWW,AFR
HGDP00703,,
NA18986,JPT,EAS
SC_GMWOF5428823,GWW,AFR
HGDP00708,,
NA18993,JPT,EAS
SC_GMWOF5428847,GWW,AFR
HGDP00710,,
NA18998,JPT,EAS
SC_GMWOF5428816,GWW,AFR
HGDP00715,,
NA19004,JPT,EAS
SC_GMWOF5428842,GWW,AFR
HGDP00727,,
NA19009,JPT,EAS
SC_GMWOF5428866,GWW,AFR
HGDP00734,,
NA19011,JPT,EAS
SC_GMWOF5428811,GWW,AFR
HGDP00739,,
NA19213,YRI,AFR
SC_GMWOF5428835,GWW,AFR
HGDP00741,,
NA19225,YRI,AFR
SC_GMWOF5428873,GWW,AFR
HGDP00746,,
NA19237,YRI,AFR
SC_GMMAN5482178,GWD,AFR
HGDP00753,,
NA19249,YRI,AFR
SC_GMMAN5482250,GWD,AFR
HGDP00758,,
NA19256,YRI,AFR
SC_GMWOF5428715,GWW,AFR
HGDP00760,,
NA19307,LWK,AFR
SC_GMWOF5428739,GWW,AFR
HGDP00765,,
NA19314,LWK,AFR
SC_GMWOF5428708,GWW,AFR
HGDP00664,,
NA19319,LWK,AFR
HGDP00464,,
HGDP00669,,
NA19321,LWK,AFR
HGDP00469,,
HGDP00671,,
NA19338,LWK,AFR
HGDP00471,,
HGDP00676,,
NA19713,ASW,AFR
HGDP00490,,
HGDP00602,,
NA19718,MXL,AMR
HGDP00515,,
HGDP00607,,
NA19720,MXL,AMR
HGDP00382,,
HGDP00614,,
NA19725,MXL,AMR
HGDP00402,,
HGDP00619,,
NA19732,MXL,AMR
HGDP00407,,
HGDP00621,,
NA19737,MXL,AMR
HGDP00433,,
HGDP00626,,
NA19749,MXL,AMR
HGDP00438,,
HGDP00520,,
NA19751,MXL,AMR
HGDP00445,,
HGDP00525,,
NA19756,MXL,AMR
HGDP00452,,
HGDP00537,,
NA19143,YRI,AFR
HGDP00243,,
HGDP00544,,
NA19148,YRI,AFR
HGDP00248,,
HGDP00575,,
NA19150,YRI,AFR
HGDP00262,,
HGDP00582,,
NA19174,YRI,AFR
HGDP00274,,
HGDP00587,,
NA19186,YRI,AFR
HGDP00279,,
HGDP00594,,
NA19198,YRI,AFR
HGDP00281,,
HGDP00599,,
NA19201,YRI,AFR
HGDP00173,,
HGDP00638,,
NA19206,YRI,AFR
HGDP00185,,
HGDP00640,,
NA18873,YRI,AFR
HGDP00192,,
HGDP00645,,
NA18878,YRI,AFR
HGDP00197,,
HGDP00981,,
NA18912,YRI,AFR
HGDP00205,,
HGDP00986,,
NA18917,YRI,AFR
HGDP00224,,
HGDP00993,,
NA18924,YRI,AFR
HGDP00298,,
HGDP01009,,
NA18943,JPT,EAS
HGDP00313,,
HGDP01023,,
NA19097,YRI,AFR
HGDP00351,,
HGDP00823,,
NA19100,YRI,AFR
HGDP00356,,
HGDP00828,,
NA19105,YRI,AFR
HGDP00104,,
HGDP00854,,
NA19117,YRI,AFR
HGDP00109,,
HGDP00859,,
NA19129,YRI,AFR
HGDP00130,,
HGDP00861,,
NA19131,YRI,AFR
HGDP00135,,
HGDP00929,,
NA20359,ASW,AFR
HGDP00154,,
HGDP00931,,
NA20361,ASW,AFR
HGDP00161,,
HGDP00943,,
NA20412,ASW,AFR
HGDP00060,,
HGDP00948,,
NA20506,TSI,EUR
HGDP00072,,
HGDP00950,,
NA20513,TSI,EUR
HGDP00096,,
HGDP00900,,
NA20518,TSI,EUR
HGDP00015,,
HGDP00905,,
NA20520,TSI,EUR
HGDP00039,,
HGDP00912,,
NA20525,TSI,EUR
HGDP00041,,
HGDP00917,,
NA20532,TSI,EUR
HGDP00546,,
HGDP00924,,
NA20537,TSI,EUR
HGDP00553,,
HGDP00955,,
NA20544,TSI,EUR
HGDP00558,,
HGDP00962,,
NA20582,TSI,EUR
HGDP00560,,
HGDP00967,,
NA20587,TSI,EUR
HGDP00565,,
HGDP00974,,
NA20753,TSI,EUR
HGDP00522,,
HGDP00873,,
NA20758,TSI,EUR
HGDP00527,,
HGDP00880,,
NA20760,TSI,EUR
HGDP00534,,
HGDP00885,,
NA20765,TSI,EUR
HGDP00539,,
HGDP00892,,
NA20772,TSI,EUR
HGDP00541,,
HGDP00897,,
NA20796,TSI,EUR
HGDP00712,,
HGDP00772,,
NA20804,TSI,EUR
HGDP00724,,
HGDP00777,,
NA20809,TSI,EUR
HGDP00729,,
HGDP00784,,
NA20811,TSI,EUR
HGDP00731,,
HGDP00791,,
NA20816,TSI,EUR
HGDP00654,,
HGDP00804,,
NA19763,MXL,AMR
HGDP00661,,
HGDP00811,,
NA19770,MXL,AMR
HGDP00666,,
HGDP01059,,
NA19775,MXL,AMR
HGDP00673,,
HGDP01066,,
NA19782,MXL,AMR
HGDP00736,,
HGDP01275,,
NA19787,MXL,AMR
HGDP00748,,
HGDP01282,,
NA19794,MXL,AMR
HGDP00750,,
HGDP01287,,
NA19819,ASW,AFR
HGDP00755,,
HGDP01294,,
NA19908,ASW,AFR
HGDP00762,,
HGDP01299,,
NA19915,ASW,AFR
HGDP00678,,
HGDP01155,,
NA19922,ASW,AFR
HGDP00680,,
HGDP01162,,
NA19984,ASW,AFR
HGDP00685,,
HGDP01167,,
NA20126,ASW,AFR
HGDP00692,,
HGDP01174,,
NA20277,ASW,AFR
HGDP00697,,
HGDP01181,,
NA20284,ASW,AFR
HGDP00700,,
HGDP01186,,
NA20289,ASW,AFR
HGDP00604,,
HGDP01218,,
NA20291,ASW,AFR
HGDP00609,,
HGDP01220,,
NA20296,ASW,AFR
HGDP00611,,
HGDP01225,,
NA20828,TSI,EUR
HGDP00623,,
HGDP01232,,
NA20847,GIH,SAS
HGDP00628,,
HGDP01237,,
NA20854,GIH,SAS
HGDP00630,,
HGDP01244,,
NA20859,GIH,SAS
HGDP00635,,
HGDP01249,,
NA20861,GIH,SAS
HGDP00642,,
HGDP01251,,
NA20866,GIH,SAS
HGDP00647,,
HGDP01256,,
NA20316,ASW,AFR
HGDP00572,,
HGDP01263,,
NA20335,ASW,AFR
HGDP00577,,
HGDP01268,,
NA20342,ASW,AFR
HGDP00584,,
HGDP01270,,
NA20347,ASW,AFR
HGDP00591,,
HGDP01193,,
NA20892,GIH,SAS
HGDP00976,,
HGDP01201,,
NA20897,GIH,SAS
HGDP00983,,
HGDP01206,,
NA20900,GIH,SAS
HGDP00995,,
HGDP01213,,
NA20905,GIH,SAS
HGDP01001,,
HGDP01073,,
NA21092,GIH,SAS
HGDP01006,,
HGDP01092,,
NA21097,GIH,SAS
HGDP01013,,
HGDP01097,,
NA21100,GIH,SAS
HGDP00832,,
HGDP01100,,
NA21105,GIH,SAS
HGDP00837,,
HGDP01369,,
NA20873,GIH,SAS
HGDP00849,,
HGDP01371,,
NA20878,GIH,SAS
HGDP00856,,
HGDP01376,,
NA20885,GIH,SAS
HGDP00863,,
HGDP01383,,
NA21143,GIH,SAS
HGDP00868,,
HGDP01388,,
SC_GMFUL5306354,GWF,AFR
HGDP00952,,
HGDP01302,,
SC_GMJOL5309914,GWJ,AFR
HGDP00957,,
HGDP01319,,
SC_GMJOL5309899,GWJ,AFR
HGDP00964,,
HGDP01321,,
SC_GMJOL5309907,GWJ,AFR
HGDP00969,,
HGDP01326,,
SC_GMFUL5306378,GWF,AFR
HGDP00971,,
HGDP01340,,
SC_GMFUL5306397,GWF,AFR
HGDP00899,,
HGDP01352,,
SC_GMFUL5306405,GWF,AFR
HGDP00902,,
HGDP01357,,
SC_GMFUL5306429,GWF,AFR
HGDP00907,,
HGDP00936,,
SC_GMFUL5309738,GWF,AFR
HGDP00914,,
Kor82,,
SC_GMFUL5306366,GWF,AFR
HGDP00919,,
CHI-034,,
SC_GMFUL5309719,GWF,AFR
HGDP00767,,
NA17386,,
SC_GMFUL5306412,GWF,AFR
HGDP00774,,
HGDP01028,,
SC_GMJOL5309971,GWJ,AFR
HGDP00779,,
HGDP00208,,
SC_GMJOL5309940,GWJ,AFR
HGDP00781,,
IraqiJew1771,,
SC_GMJOL5309964,GWJ,AFR
HGDP00786,,
Nesk_25,,
SC_GMFUL5309764,GWF,AFR
HGDP00926,,
NA21490,MKK,
SC_GMFUL5306392,GWF,AFR
HGDP00933,,
HGDP01078,,
SC_GMFUL5306400,GWF,AFR
HGDP00938,,
HGDP01035,,
SC_GMFUL5309733,GWF,AFR
HGDP00940,,
SA0722,,
SC_GMFUL5306424,GWF,AFR
HGDP00945,,
Nlk3,,
SC_GMFUL5306361,GWF,AFR
HGDP01037,,
mg27,,
SC_GMFUL5309702,GWF,AFR
HGDP01051,,
ALB212,,
SC_GMFUL5306385,GWF,AFR
HGDP01056,,
HGDP01403,,
SC_GMJOL5309933,GWJ,AFR
HGDP01063,,
HGDP01408,,
SC_GMJOL5309957,GWJ,AFR
HGDP00806,,
HGDP01415,,
SC_GMJOL5309926,GWJ,AFR
HGDP00813,,
HGDP01333,,
SC_GMJOL5309919,GWJ,AFR
HGDP00818,,
HGDP00157,,
SC_GMJOL5309983,GWJ,AFR
HGDP00820,,
HGDP01338,,
SC_GMJOL5309952,GWJ,AFR
HGDP00870,,
SAH41,,
SC_GMJOL5309976,GWJ,AFR
HGDP00875,,
HGDP00796,,
SC_GMJOL5309921,GWJ,AFR
HGDP00882,,
HGDP01047,,
NA21112,GIH,SAS
HGDP00894,,
HGDP00722,,
NA21117,GIH,SAS
HGDP01068,,
HGDP01314,,
NA21124,GIH,SAS
HGDP01070,,
HGDP00328,,
NA21129,GIH,SAS
HGDP01075,,
NA15203,,
SC_GMFUL5306359,GWF,AFR
HGDP01087,,
mixa0105,,
SC_GMFUL5306431,GWF,AFR
HGDP01094,,
lez49,,
SC_GMFUL5306347,GWF,AFR
HGDP01099,,
abh100,,
SC_GMJOL5309844,GWJ,AFR
HGDP01102,,
AV-21,,
SC_GMJOL5309868,GWJ,AFR
HGDP01272,,
iran17,,
SC_GMJOL5309813,GWJ,AFR
HGDP01277,,
zapo0099,,
SC_GMJOL5309837,GWJ,AFR
HGDP01289,,
Bu5,,
SC_GMWOF5428778,GWW,AFR
HGDP01291,,
HGDP00195,,
SC_GMWOF5428723,GWW,AFR
HGDP01296,,
HGDP01364,,
SC_GMWOF5428747,GWW,AFR
HGDP01152,,
HGDP01345,,
SC_GMWOF5428831,GWW,AFR
HGDP01157,,
HGDP00474,,
SC_GMWOF5428855,GWW,AFR
HGDP01164,,
DNK05,,
SC_GMWOF5428879,GWW,AFR
HGDP01169,,
ch113,,
SC_GMWOF5428792,GWW,AFR
HGDP01171,,
NA11201,,
SC_GMWOF5428800,GWW,AFR
HGDP01183,,
Jordan445,,
SC_GMWOF5428824,GWW,AFR
HGDP01304,,
SA0342,,
SC_GMWOF5428817,GWW,AFR
HGDP01309,,
HGDP01030,,
SC_GMMAN5482172,GWD,AFR
HGDP01311,,
NA17374,,
SC_GMMAN5482228,GWD,AFR
HGDP01316,,
Bishkek28439,,
SC_GMMAN5482165,GWD,AFR
HGDP01328,,
HGDP01198,,
SC_GMMAN5482189,GWD,AFR
HGDP01330,,
Kayseri23827,,
SC_GMMAN5482191,GWD,AFR
HGDP01366,,
HGDP01179,,
SC_GMMAN5482223,GWD,AFR
HGDP01373,,
GM19320,LWK,AFR
SC_GMJOL5309945,GWJ,AFR
HGDP01378,,
SC_GMJOL5309969,GWJ,AFR
HGDP01380,,
SC_GMJOL5309851,GWJ,AFR
HGDP01385,,
SC_GMJOL5309875,GWJ,AFR
HGDP01222,,
SC_GMJOL5309820,GWJ,AFR
HGDP01227,,
SC_GMMAN5482247,GWD,AFR
HGDP01234,,
SC_GMMAN5482184,GWD,AFR
HGDP01239,,
SC_GMMAN5482216,GWD,AFR
HGDP01241,,
SC_GMMAN5482177,GWD,AFR
HGDP01342,,
SC_GMMAN5482209,GWD,AFR
HGDP01347,,
SC_GMWOF5428906,GWW,AFR
HGDP01354,,
SC_GMMAN5482242,GWD,AFR
HGDP01359,,
SC_GMMAN5482211,GWD,AFR
HGDP01361,,
SC_GMMAN5482235,GWD,AFR
HGDP01258,,
SC_GMWOF5428812,GWW,AFR
HGDP01260,,
SC_GMWOF5428797,GWW,AFR
HGDP01265,,
SC_GMWOF5428805,GWW,AFR
HGDP01190,,
SC_GMWOF5428829,GWW,AFR
HGDP01195,,
SC_GMWOF5428850,GWW,AFR
HGDP01208,,
SC_GMWOF5428874,GWW,AFR
HGDP01188,,
SC_GMWOF5428843,GWW,AFR
Kusunda02,,
SC_GMWOF5428867,GWW,AFR
HGDP01203,,
SC_GMWOF5428716,GWW,AFR
Sir19,,
SC_GMWOF5428728,GWW,AFR
Igor20,,
SC_GMMAN5482292,GWD,AFR
HGDP00058,,
SC_GMMAN5482300,GWD,AFR
Nesk_22,,
SC_GMMAN5482324,GWD,AFR
HGDP01018,,
SC_GMMAN5482348,GWD,AFR
HGDP01246,,
SC_GMMAN5482285,GWD,AFR
HGDP01335,,
NA18594,CHB,EAS
HGDP01032,,
HGDP00007,,
I1,,
SC_GMMAN5482266,GWD,AFR
HGDP00027,,
HGDP00108,,
HGDP01417,,
HGDP00110,,
Ayodo_81S,,
HGDP00115,,
NA21581,MKK,
HGDP00122,,
Jordan214,,
HGDP00127,,
Mansi41,,
HGDP00134,,
HGDP00798,,
HGDP00139,,
NorthOssetia12,,
HGDP00141,,
HGDP00616,,
HGDP00146,,
HGDP00887,,
HGDP00153,,
Sir26,,
HGDP00158,,
HGDP00286,,
HGDP00165,,
HGDP01323,,
HGDP00247,,
Ale32,,
HGDP00254,,
DNK07,,
HGDP00259,,
HGDP00457,,
HGDP00285,,
HGDP01044,,
HGDP00021,,
M4,,
HGDP00033,,
Ayodo_502C,,
HGDP00045,,
Ale20,,
HGDP00052,,
HGDP01397,,
HGDP00057,,
HGDP01400,,
HGDP00177,,
HGDP01405,,
HGDP00189,,
HGDP01412,,
HGDP00191,,
mg31,,
HGDP00228,,
Utsa21,,
HGDP00230,,
HGDP01253,,
HGDP00064,,
HGDP00476,,
HGDP00076,,
HGDP01215,,
HGDP00088,,
Kayseri24424,,
HGDP00103,,
Sir40,,
HGDP00444,,
Tuba9,,
HGDP00463,,
Y8,,
HGDP00519,,
HGDP00717,,
HGDP00538,,
Dus16,,
HGDP00540,,
tdj430_shugnan,,
HGDP00545,,
SAH31,,
HGDP00711,,
B11,,
HGDP00716,,
YemeniteJew4695,,
HGDP00723,,
GM20355,ASW,AFR
HGDP00730,,
HGDP00735,,
HGDP00468,,
HGDP00470,,
HGDP00475,,
HGDP00514,,
HGDP00684,,
HGDP00689,,
HGDP00691,,
HGDP00696,,
HGDP00704,,
HGDP00653,,
HGDP00672,,
HGDP00677,,
HGDP00576,,
HGDP00583,,
HGDP00588,,
HGDP00590,,
HGDP00595,,
HGDP00627,,
HGDP00634,,
HGDP00639,,
HGDP00641,,
HGDP00646,,
HGDP00608,,
HGDP00610,,
HGDP00615,,
HGDP00622,,
HGDP00557,,
HGDP00564,,
HGDP00571,,
HGDP00994,,
HGDP00999,,
HGDP01024,,
HGDP01029,,
HGDP00898,,
HGDP00901,,
HGDP00906,,
HGDP00913,,
HGDP00918,,
HGDP00920,,
HGDP00925,,
HGDP00963,,
HGDP00968,,
HGDP00970,,
HGDP00975,,
HGDP00766,,
HGDP00780,,
HGDP00797,,
HGDP00800,,
HGDP00805,,
HGDP00812,,
HGDP00817,,
HGDP00937,,
HGDP00944,,
HGDP00949,,
HGDP00747,,
HGDP00754,,
HGDP00759,,
HGDP00761,,
HGDP00879,,
HGDP00881,,
HGDP00886,,
HGDP00893,,
HGDP00843,,
HGDP00862,,
HGDP01074,,
HGDP01081,,
HGDP01086,,
HGDP01101,,
HGDP01149,,
HGDP01151,,
HGDP01031,,
HGDP01043,,
HGDP01050,,
HGDP01055,,
HGDP01062,,
HGDP01067,,
HGDP01276,,
HGDP01283,,
HGDP01288,,
HGDP01290,,
HGDP01295,,
HGDP01219,,
HGDP01221,,
HGDP01226,,
HGDP01233,,
HGDP01238,,
HGDP01245,,
HGDP01339,,
HGDP01341,,
HGDP01346,,
HGDP01353,,
HGDP01358,,
HGDP01360,,
HGDP01194,,
HGDP01202,,
HGDP01207,,
HGDP01214,,
HGDP01257,,
HGDP01264,,
HGDP01269,,
HGDP01271,,
HGDP01303,,
HGDP01310,,
HGDP01322,,
HGDP01327,,
HGDP01334,,
HGDP01156,,
HGDP01182,,
HGDP01187,,
CHI-007,,
HGDP00449,,
HGDP00019,,
Igor21,,
Utsa22,,
HGDP00533,,
HGDP00526,,
HGDP01036,,
HGDP01365,,
Sam02,,
HGDP01079,,
NOR111,,
HGDP00660,,
HGDP01396,,
HGDP01404,,
HGDP01411,,
HGDP01416,,
HGDP00090,,
HGDP00569,,
NA15761,,
YemeniteJew5433,,
HGDP01199,,
HGDP01168,,
HGDP00552,,
HGDP00956,,
armenia293,,
NA15728,,
K4,,
Bu16,,
HGDP01012,,
HGDP00987,,
HGDP00932,,
HGDP01315,,
HGDP01308,,
Dus22,,
Est400,,
HGDP01240,,
mixe0042,,
HGDP00216,,
HGDP01372,,
HGDP01377,,
HGDP01384,,
HGDP00982,,
HGDP01098,,
HGDP00160,,
Bishkek28440,,
HGDP01163,,
HGDP00951,,
HGDP00785,,
HGDP00855,,
Kusunda15,,
NA13607,,
HGDP00773,,
R3,,
NA12236,CEU,EUR
HGDP00456,,
GM19129,YRI,AFR